<?xml version="1.0" encoding="UTF-8"?>
<!-- IMPORTANT: This is an internal file that has been generated
     by the Xilinx ISE software.  Any direct editing or
     changes made to this file may result in unpredictable
     behavior or data corruption.  It is strongly advised that
     users do not edit the contents of this file. -->
<DeviceUsageSummary rev="8">
<DesignStatistics TimeStamp="Sat Dec 09 22:44:11 2017"><group name="NetStatistics">
<item name="NumNets_Active" rev="8">
<attrib name="value" value="174"/></item>
<item name="NumNets_Gnd" rev="8">
<attrib name="value" value="1"/></item>
<item name="NumNets_Vcc" rev="8">
<attrib name="value" value="1"/></item>
<item name="NumNodesOfType_Active_CLKPIN" rev="8">
<attrib name="value" value="44"/></item>
<item name="NumNodesOfType_Active_CNTRLPIN" rev="8">
<attrib name="value" value="23"/></item>
<item name="NumNodesOfType_Active_DOUBLE" rev="8">
<attrib name="value" value="158"/></item>
<item name="NumNodesOfType_Active_DUMMY" rev="8">
<attrib name="value" value="250"/></item>
<item name="NumNodesOfType_Active_DUMMYESC" rev="8">
<attrib name="value" value="5"/></item>
<item name="NumNodesOfType_Active_GLOBAL" rev="8">
<attrib name="value" value="18"/></item>
<item name="NumNodesOfType_Active_HFULLHEX" rev="8">
<attrib name="value" value="1"/></item>
<item name="NumNodesOfType_Active_HLONG" rev="8">
<attrib name="value" value="1"/></item>
<item name="NumNodesOfType_Active_HUNIHEX" rev="8">
<attrib name="value" value="4"/></item>
<item name="NumNodesOfType_Active_INPUT" rev="8">
<attrib name="value" value="313"/></item>
<item name="NumNodesOfType_Active_IOBOUTPUT" rev="8">
<attrib name="value" value="5"/></item>
<item name="NumNodesOfType_Active_OMUX" rev="8">
<attrib name="value" value="148"/></item>
<item name="NumNodesOfType_Active_OUTPUT" rev="8">
<attrib name="value" value="152"/></item>
<item name="NumNodesOfType_Active_PREBXBY" rev="8">
<attrib name="value" value="49"/></item>
<item name="NumNodesOfType_Active_VFULLHEX" rev="8">
<attrib name="value" value="12"/></item>
<item name="NumNodesOfType_Active_VLONG" rev="8">
<attrib name="value" value="2"/></item>
<item name="NumNodesOfType_Active_VUNIHEX" rev="8">
<attrib name="value" value="22"/></item>
<item name="NumNodesOfType_Gnd_DOUBLE" rev="8">
<attrib name="value" value="1"/></item>
<item name="NumNodesOfType_Gnd_DUMMY" rev="8">
<attrib name="value" value="27"/></item>
<item name="NumNodesOfType_Gnd_INPUT" rev="8">
<attrib name="value" value="29"/></item>
<item name="NumNodesOfType_Gnd_OMUX" rev="8">
<attrib name="value" value="14"/></item>
<item name="NumNodesOfType_Gnd_OUTPUT" rev="8">
<attrib name="value" value="7"/></item>
<item name="NumNodesOfType_Gnd_PREBXBY" rev="8">
<attrib name="value" value="6"/></item>
</group>
<group name="SiteStatistics">
<item name="IBUF-DIFFM" rev="8">
<attrib name="value" value="1"/></item>
<item name="IOB-DIFFM" rev="8">
<attrib name="value" value="6"/></item>
<item name="IOB-DIFFS" rev="8">
<attrib name="value" value="6"/></item>
<item name="SLICEL-SLICEM" rev="8">
<attrib name="value" value="26"/></item>
</group>
<group name="MiscellaneousStatistics">
<item name="AGG_BONDED_IO" rev="7">
<attrib name="value" value="17"/></item>
<item name="AGG_IO" rev="7">
<attrib name="value" value="17"/></item>
<item name="AGG_SLICE" rev="7">
<attrib name="value" value="75"/></item>
<item name="NUM_4_INPUT_LUT" rev="7">
<attrib name="value" value="134"/></item>
<item name="NUM_BONDED_IBUF" rev="7">
<attrib name="value" value="5"/></item>
<item name="NUM_BONDED_IOB" rev="7">
<attrib name="value" value="12"/></item>
<item name="NUM_BUFGMUX" rev="7">
<attrib name="value" value="1"/></item>
<item name="NUM_CYMUX" rev="7">
<attrib name="value" value="70"/></item>
<item name="NUM_LUT_RT" rev="7">
<attrib name="value" value="53"/></item>
<item name="NUM_SHIFT" rev="7">
<attrib name="value" value="7"/></item>
<item name="NUM_SLICEL" rev="7">
<attrib name="value" value="70"/></item>
<item name="NUM_SLICEM" rev="7">
<attrib name="value" value="5"/></item>
<item name="NUM_SLICE_FF" rev="7">
<attrib name="value" value="73"/></item>
<item name="NUM_SLICE_LATCH" rev="7">
<attrib name="value" value="3"/></item>
<item name="NUM_XOR" rev="7">
<attrib name="value" value="52"/></item>
</group>
</DesignStatistics>
<DeviceUsage TimeStamp="Sat Dec 09 22:44:11 2017"><group name="SiteSummary">
<item name="BUFGMUX" rev="8">
<attrib name="total" value="1000000"/><attrib name="used" value="1"/></item>
<item name="BUFGMUX_GCLKMUX" rev="8">
<attrib name="total" value="1000000"/><attrib name="used" value="1"/></item>
<item name="BUFGMUX_GCLK_BUFFER" rev="8">
<attrib name="total" value="1000000"/><attrib name="used" value="1"/></item>
<item name="IBUF" rev="8">
<attrib name="total" value="1000000"/><attrib name="used" value="5"/></item>
<item name="IBUF_INBUF" rev="8">
<attrib name="total" value="1000000"/><attrib name="used" value="5"/></item>
<item name="IBUF_PAD" rev="8">
<attrib name="total" value="1000000"/><attrib name="used" value="5"/></item>
<item name="IOB" rev="8">
<attrib name="total" value="1000000"/><attrib name="used" value="12"/></item>
<item name="IOB_OUTBUF" rev="8">
<attrib name="total" value="1000000"/><attrib name="used" value="12"/></item>
<item name="IOB_PAD" rev="8">
<attrib name="total" value="1000000"/><attrib name="used" value="12"/></item>
<item name="SLICEL" rev="8">
<attrib name="total" value="1000000"/><attrib name="used" value="70"/></item>
<item name="SLICEL_C1VDD" rev="8">
<attrib name="total" value="1000000"/><attrib name="used" value="5"/></item>
<item name="SLICEL_C2VDD" rev="8">
<attrib name="total" value="1000000"/><attrib name="used" value="3"/></item>
<item name="SLICEL_CYMUXF" rev="8">
<attrib name="total" value="1000000"/><attrib name="used" value="36"/></item>
<item name="SLICEL_CYMUXG" rev="8">
<attrib name="total" value="1000000"/><attrib name="used" value="34"/></item>
<item name="SLICEL_F" rev="8">
<attrib name="total" value="1000000"/><attrib name="used" value="65"/></item>
<item name="SLICEL_F5MUX" rev="8">
<attrib name="total" value="1000000"/><attrib name="used" value="5"/></item>
<item name="SLICEL_FFX" rev="8">
<attrib name="total" value="1000000"/><attrib name="used" value="35"/></item>
<item name="SLICEL_FFY" rev="8">
<attrib name="total" value="1000000"/><attrib name="used" value="34"/></item>
<item name="SLICEL_G" rev="8">
<attrib name="total" value="1000000"/><attrib name="used" value="62"/></item>
<item name="SLICEL_GNDF" rev="8">
<attrib name="total" value="1000000"/><attrib name="used" value="31"/></item>
<item name="SLICEL_GNDG" rev="8">
<attrib name="total" value="1000000"/><attrib name="used" value="31"/></item>
<item name="SLICEL_XORF" rev="8">
<attrib name="total" value="1000000"/><attrib name="used" value="27"/></item>
<item name="SLICEL_XORG" rev="8">
<attrib name="total" value="1000000"/><attrib name="used" value="25"/></item>
<item name="SLICEM" rev="8">
<attrib name="total" value="1000000"/><attrib name="used" value="5"/></item>
<item name="SLICEM_F" rev="8">
<attrib name="total" value="1000000"/><attrib name="used" value="2"/></item>
<item name="SLICEM_FFX" rev="8">
<attrib name="total" value="1000000"/><attrib name="used" value="2"/></item>
<item name="SLICEM_FFY" rev="8">
<attrib name="total" value="1000000"/><attrib name="used" value="5"/></item>
<item name="SLICEM_G" rev="8">
<attrib name="total" value="1000000"/><attrib name="used" value="5"/></item>
<item name="SLICEM_WSGEN" rev="8">
<attrib name="total" value="1000000"/><attrib name="used" value="5"/></item>
</group>
</DeviceUsage>
<ReportConfigData TimeStamp="Sat Dec 09 22:44:11 2017"><group name="SLICEL_CYMUXF">
<item name="0" rev="8">
<attrib name="0" value="36"/><attrib name="0_INV" value="0"/></item>
<item name="1" rev="8">
<attrib name="1_INV" value="0"/><attrib name="1" value="36"/></item>
</group>
<group name="SLICEL_CYMUXG">
<item name="0" rev="8">
<attrib name="0" value="34"/><attrib name="0_INV" value="0"/></item>
</group>
<group name="IBUF_PAD">
<item name="IOATTRBOX" rev="8">
<attrib name="LVTTL" value="4"/><attrib name="LVCMOS33" value="1"/></item>
<item name="PULL" rev="8">
<attrib name="PULLUP" value="2"/><attrib name="PULLDOWN" value="2"/></item>
</group>
<group name="SLICEM_F">
<item name="DI" rev="8">
<attrib name="DI" value="2"/><attrib name="DI_INV" value="0"/></item>
<item name="F_ATTR" rev="8">
<attrib name="SHIFT_REG" value="2"/></item>
<item name="LUT_OR_MEM" rev="8">
<attrib name="RAM" value="2"/></item>
</group>
<group name="SLICEM_G">
<item name="DI" rev="8">
<attrib name="DI" value="5"/><attrib name="DI_INV" value="0"/></item>
<item name="G_ATTR" rev="8">
<attrib name="SHIFT_REG" value="5"/></item>
<item name="LUT_OR_MEM" rev="8">
<attrib name="RAM" value="5"/></item>
</group>
<group name="SLICEL">
<item name="BX" rev="8">
<attrib name="BX_INV" value="0"/><attrib name="BX" value="12"/></item>
<item name="BY" rev="8">
<attrib name="BY" value="2"/><attrib name="BY_INV" value="1"/></item>
<item name="CE" rev="8">
<attrib name="CE" value="2"/><attrib name="CE_INV" value="0"/></item>
<item name="CIN" rev="8">
<attrib name="CIN_INV" value="0"/><attrib name="CIN" value="34"/></item>
<item name="CLK" rev="8">
<attrib name="CLK" value="36"/><attrib name="CLK_INV" value="3"/></item>
<item name="SR" rev="8">
<attrib name="SR" value="21"/><attrib name="SR_INV" value="0"/></item>
</group>
<group name="SLICEM">
<item name="BX" rev="8">
<attrib name="BX_INV" value="0"/><attrib name="BX" value="2"/></item>
<item name="BY" rev="8">
<attrib name="BY" value="5"/><attrib name="BY_INV" value="0"/></item>
<item name="CLK" rev="8">
<attrib name="CLK" value="5"/><attrib name="CLK_INV" value="0"/></item>
<item name="SR" rev="8">
<attrib name="SR" value="5"/><attrib name="SR_INV" value="0"/></item>
</group>
<group name="IOB_OUTBUF">
<item name="IN" rev="8">
<attrib name="IN_INV" value="0"/><attrib name="IN" value="12"/></item>
</group>
<group name="SLICEL_FFX">
<item name="CE" rev="8">
<attrib name="CE" value="2"/><attrib name="CE_INV" value="0"/></item>
<item name="CK" rev="8">
<attrib name="CK" value="32"/><attrib name="CK_INV" value="3"/></item>
<item name="D" rev="8">
<attrib name="D" value="35"/><attrib name="D_INV" value="0"/></item>
<item name="FFX_INIT_ATTR" rev="8">
<attrib name="INIT0" value="31"/><attrib name="INIT1" value="4"/></item>
<item name="FFX_SR_ATTR" rev="8">
<attrib name="SRLOW" value="31"/><attrib name="SRHIGH" value="4"/></item>
<item name="LATCH_OR_FF" rev="8">
<attrib name="FF" value="32"/><attrib name="LATCH" value="3"/></item>
<item name="SR" rev="8">
<attrib name="SR" value="18"/><attrib name="SR_INV" value="0"/></item>
<item name="SYNC_ATTR" rev="8">
<attrib name="ASYNC" value="34"/><attrib name="SYNC" value="1"/></item>
</group>
<group name="SLICEL_XORF">
<item name="1" rev="8">
<attrib name="1_INV" value="0"/><attrib name="1" value="27"/></item>
</group>
<group name="SLICEL_FFY">
<item name="CE" rev="8">
<attrib name="CE" value="2"/><attrib name="CE_INV" value="0"/></item>
<item name="CK" rev="8">
<attrib name="CK" value="34"/><attrib name="CK_INV" value="0"/></item>
<item name="D" rev="8">
<attrib name="D" value="33"/><attrib name="D_INV" value="1"/></item>
<item name="FFY_INIT_ATTR" rev="8">
<attrib name="INIT0" value="32"/><attrib name="INIT1" value="2"/></item>
<item name="FFY_SR_ATTR" rev="8">
<attrib name="SRLOW" value="32"/><attrib name="SRHIGH" value="2"/></item>
<item name="LATCH_OR_FF" rev="8">
<attrib name="FF" value="34"/></item>
<item name="SR" rev="8">
<attrib name="SR" value="20"/><attrib name="SR_INV" value="0"/></item>
<item name="SYNC_ATTR" rev="8">
<attrib name="ASYNC" value="31"/><attrib name="SYNC" value="3"/></item>
</group>
<group name="BUFGMUX_GCLKMUX">
<item name="DISABLE_ATTR" rev="8">
<attrib name="LOW" value="1"/></item>
<item name="S" rev="8">
<attrib name="S_INV" value="1"/><attrib name="S" value="0"/></item>
</group>
<group name="SLICEL_F5MUX">
<item name="S0" rev="8">
<attrib name="S0" value="5"/><attrib name="S0_INV" value="0"/></item>
</group>
<group name="SLICEM_WSGEN">
<item name="CK" rev="8">
<attrib name="CK" value="5"/><attrib name="CK_INV" value="0"/></item>
<item name="SYNC_ATTR" rev="8">
<attrib name="ASYNC" value="5"/></item>
<item name="WE" rev="8">
<attrib name="WE_INV" value="0"/><attrib name="WE" value="5"/></item>
</group>
<group name="SLICEM_FFX">
<item name="CK" rev="8">
<attrib name="CK" value="2"/><attrib name="CK_INV" value="0"/></item>
<item name="D" rev="8">
<attrib name="D" value="2"/><attrib name="D_INV" value="0"/></item>
<item name="FFX_INIT_ATTR" rev="8">
<attrib name="INIT0" value="2"/></item>
<item name="FFX_SR_ATTR" rev="8">
<attrib name="SRLOW" value="2"/></item>
<item name="LATCH_OR_FF" rev="8">
<attrib name="FF" value="2"/></item>
<item name="SYNC_ATTR" rev="8">
<attrib name="ASYNC" value="2"/></item>
</group>
<group name="SLICEM_FFY">
<item name="CK" rev="8">
<attrib name="CK" value="5"/><attrib name="CK_INV" value="0"/></item>
<item name="D" rev="8">
<attrib name="D" value="5"/><attrib name="D_INV" value="0"/></item>
<item name="FFY_INIT_ATTR" rev="8">
<attrib name="INIT0" value="5"/></item>
<item name="FFY_SR_ATTR" rev="8">
<attrib name="SRLOW" value="5"/></item>
<item name="LATCH_OR_FF" rev="8">
<attrib name="FF" value="5"/></item>
<item name="SYNC_ATTR" rev="8">
<attrib name="ASYNC" value="5"/></item>
</group>
<group name="IOB_PAD">
<item name="DRIVEATTRBOX" rev="8">
<attrib name="4" value="12"/></item>
<item name="IOATTRBOX" rev="8">
<attrib name="LVTTL" value="4"/><attrib name="LVCMOS33" value="8"/></item>
<item name="SLEW" rev="8">
<attrib name="SLOW" value="12"/></item>
</group>
<group name="IOB">
<item name="O1" rev="8">
<attrib name="O1_INV" value="0"/><attrib name="O1" value="12"/></item>
</group>
<group name="BUFGMUX">
<item name="S" rev="8">
<attrib name="S_INV" value="1"/><attrib name="S" value="0"/></item>
</group>
</ReportConfigData>
<ReportPinData TimeStamp="Sat Dec 09 22:44:11 2017"><group name="SLICEL_CYMUXF">
<item name="0" rev="8">
<attrib name="value" value="36"/></item>
<item name="1" rev="8">
<attrib name="value" value="36"/></item>
<item name="OUT" rev="8">
<attrib name="value" value="36"/></item>
<item name="S0" rev="8">
<attrib name="value" value="36"/></item>
</group>
<group name="SLICEL_CYMUXG">
<item name="0" rev="8">
<attrib name="value" value="34"/></item>
<item name="1" rev="8">
<attrib name="value" value="34"/></item>
<item name="OUT" rev="8">
<attrib name="value" value="34"/></item>
<item name="S0" rev="8">
<attrib name="value" value="34"/></item>
</group>
<group name="IBUF_PAD">
<item name="PAD" rev="8">
<attrib name="value" value="5"/></item>
</group>
<group name="IBUF_INBUF">
<item name="IN" rev="8">
<attrib name="value" value="5"/></item>
<item name="OUT" rev="8">
<attrib name="value" value="5"/></item>
</group>
<group name="SLICEM_F">
<item name="A1" rev="8">
<attrib name="value" value="2"/></item>
<item name="A2" rev="8">
<attrib name="value" value="2"/></item>
<item name="A3" rev="8">
<attrib name="value" value="2"/></item>
<item name="A4" rev="8">
<attrib name="value" value="2"/></item>
<item name="D" rev="8">
<attrib name="value" value="2"/></item>
<item name="DI" rev="8">
<attrib name="value" value="2"/></item>
<item name="WS" rev="8">
<attrib name="value" value="2"/></item>
</group>
<group name="SLICEM_G">
<item name="A1" rev="8">
<attrib name="value" value="5"/></item>
<item name="A2" rev="8">
<attrib name="value" value="5"/></item>
<item name="A3" rev="8">
<attrib name="value" value="5"/></item>
<item name="A4" rev="8">
<attrib name="value" value="5"/></item>
<item name="D" rev="8">
<attrib name="value" value="5"/></item>
<item name="DI" rev="8">
<attrib name="value" value="5"/></item>
<item name="WS" rev="8">
<attrib name="value" value="5"/></item>
</group>
<group name="BUFGMUX_GCLK_BUFFER">
<item name="IN" rev="8">
<attrib name="value" value="1"/></item>
<item name="OUT" rev="8">
<attrib name="value" value="1"/></item>
</group>
<group name="SLICEL">
<item name="BX" rev="8">
<attrib name="value" value="12"/></item>
<item name="BY" rev="8">
<attrib name="value" value="3"/></item>
<item name="CE" rev="8">
<attrib name="value" value="2"/></item>
<item name="CIN" rev="8">
<attrib name="value" value="34"/></item>
<item name="CLK" rev="8">
<attrib name="value" value="39"/></item>
<item name="COUT" rev="8">
<attrib name="value" value="34"/></item>
<item name="F1" rev="8">
<attrib name="value" value="65"/></item>
<item name="F2" rev="8">
<attrib name="value" value="36"/></item>
<item name="F3" rev="8">
<attrib name="value" value="17"/></item>
<item name="F4" rev="8">
<attrib name="value" value="13"/></item>
<item name="G1" rev="8">
<attrib name="value" value="62"/></item>
<item name="G2" rev="8">
<attrib name="value" value="32"/></item>
<item name="G3" rev="8">
<attrib name="value" value="13"/></item>
<item name="G4" rev="8">
<attrib name="value" value="11"/></item>
<item name="SR" rev="8">
<attrib name="value" value="21"/></item>
<item name="X" rev="8">
<attrib name="value" value="22"/></item>
<item name="XB" rev="8">
<attrib name="value" value="2"/></item>
<item name="XQ" rev="8">
<attrib name="value" value="35"/></item>
<item name="Y" rev="8">
<attrib name="value" value="17"/></item>
<item name="YQ" rev="8">
<attrib name="value" value="34"/></item>
</group>
<group name="SLICEM">
<item name="BX" rev="8">
<attrib name="value" value="2"/></item>
<item name="BY" rev="8">
<attrib name="value" value="5"/></item>
<item name="CLK" rev="8">
<attrib name="value" value="5"/></item>
<item name="F1" rev="8">
<attrib name="value" value="2"/></item>
<item name="F2" rev="8">
<attrib name="value" value="2"/></item>
<item name="F3" rev="8">
<attrib name="value" value="2"/></item>
<item name="F4" rev="8">
<attrib name="value" value="2"/></item>
<item name="G1" rev="8">
<attrib name="value" value="5"/></item>
<item name="G2" rev="8">
<attrib name="value" value="5"/></item>
<item name="G3" rev="8">
<attrib name="value" value="5"/></item>
<item name="G4" rev="8">
<attrib name="value" value="5"/></item>
<item name="SR" rev="8">
<attrib name="value" value="5"/></item>
<item name="XQ" rev="8">
<attrib name="value" value="2"/></item>
<item name="YQ" rev="8">
<attrib name="value" value="5"/></item>
</group>
<group name="IOB_OUTBUF">
<item name="IN" rev="8">
<attrib name="value" value="12"/></item>
<item name="OUT" rev="8">
<attrib name="value" value="12"/></item>
</group>
<group name="IBUF">
<item name="I" rev="8">
<attrib name="value" value="5"/></item>
<item name="PAD" rev="8">
<attrib name="value" value="5"/></item>
</group>
<group name="SLICEL_C2VDD">
<item name="1" rev="8">
<attrib name="value" value="3"/></item>
</group>
<group name="SLICEL_XORF">
<item name="0" rev="8">
<attrib name="value" value="27"/></item>
<item name="1" rev="8">
<attrib name="value" value="27"/></item>
<item name="O" rev="8">
<attrib name="value" value="27"/></item>
</group>
<group name="SLICEL_FFX">
<item name="CE" rev="8">
<attrib name="value" value="2"/></item>
<item name="CK" rev="8">
<attrib name="value" value="35"/></item>
<item name="D" rev="8">
<attrib name="value" value="35"/></item>
<item name="Q" rev="8">
<attrib name="value" value="35"/></item>
<item name="SR" rev="8">
<attrib name="value" value="18"/></item>
</group>
<group name="SLICEL_FFY">
<item name="CE" rev="8">
<attrib name="value" value="2"/></item>
<item name="CK" rev="8">
<attrib name="value" value="34"/></item>
<item name="D" rev="8">
<attrib name="value" value="34"/></item>
<item name="Q" rev="8">
<attrib name="value" value="34"/></item>
<item name="SR" rev="8">
<attrib name="value" value="20"/></item>
</group>
<group name="SLICEL_XORG">
<item name="0" rev="8">
<attrib name="value" value="25"/></item>
<item name="1" rev="8">
<attrib name="value" value="25"/></item>
<item name="O" rev="8">
<attrib name="value" value="25"/></item>
</group>
<group name="BUFGMUX_GCLKMUX">
<item name="I0" rev="8">
<attrib name="value" value="1"/></item>
<item name="OUT" rev="8">
<attrib name="value" value="1"/></item>
<item name="S" rev="8">
<attrib name="value" value="1"/></item>
</group>
<group name="SLICEL_F5MUX">
<item name="F" rev="8">
<attrib name="value" value="5"/></item>
<item name="G" rev="8">
<attrib name="value" value="5"/></item>
<item name="OUT" rev="8">
<attrib name="value" value="5"/></item>
<item name="S0" rev="8">
<attrib name="value" value="5"/></item>
</group>
<group name="SLICEM_WSGEN">
<item name="CK" rev="8">
<attrib name="value" value="5"/></item>
<item name="WE" rev="8">
<attrib name="value" value="5"/></item>
<item name="WSF" rev="8">
<attrib name="value" value="2"/></item>
<item name="WSG" rev="8">
<attrib name="value" value="5"/></item>
</group>
<group name="SLICEM_FFX">
<item name="CK" rev="8">
<attrib name="value" value="2"/></item>
<item name="D" rev="8">
<attrib name="value" value="2"/></item>
<item name="Q" rev="8">
<attrib name="value" value="2"/></item>
</group>
<group name="SLICEM_FFY">
<item name="CK" rev="8">
<attrib name="value" value="5"/></item>
<item name="D" rev="8">
<attrib name="value" value="5"/></item>
<item name="Q" rev="8">
<attrib name="value" value="5"/></item>
</group>
<group name="IOB_PAD">
<item name="PAD" rev="8">
<attrib name="value" value="12"/></item>
</group>
<group name="IOB">
<item name="O1" rev="8">
<attrib name="value" value="12"/></item>
<item name="PAD" rev="8">
<attrib name="value" value="12"/></item>
</group>
<group name="SLICEL_C1VDD">
<item name="1" rev="8">
<attrib name="value" value="5"/></item>
</group>
<group name="BUFGMUX">
<item name="I0" rev="8">
<attrib name="value" value="1"/></item>
<item name="O" rev="8">
<attrib name="value" value="1"/></item>
<item name="S" rev="8">
<attrib name="value" value="1"/></item>
</group>
<group name="SLICEL_F">
<item name="A1" rev="8">
<attrib name="value" value="65"/></item>
<item name="A2" rev="8">
<attrib name="value" value="36"/></item>
<item name="A3" rev="8">
<attrib name="value" value="17"/></item>
<item name="A4" rev="8">
<attrib name="value" value="13"/></item>
<item name="D" rev="8">
<attrib name="value" value="65"/></item>
</group>
<group name="SLICEL_G">
<item name="A1" rev="8">
<attrib name="value" value="62"/></item>
<item name="A2" rev="8">
<attrib name="value" value="32"/></item>
<item name="A3" rev="8">
<attrib name="value" value="13"/></item>
<item name="A4" rev="8">
<attrib name="value" value="11"/></item>
<item name="D" rev="8">
<attrib name="value" value="62"/></item>
</group>
<group name="SLICEL_GNDF">
<item name="0" rev="8">
<attrib name="value" value="31"/></item>
</group>
<group name="SLICEL_GNDG">
<item name="0" rev="8">
<attrib name="value" value="31"/></item>
</group>
</ReportPinData>
<CmdHistory>
</CmdHistory>
</DeviceUsageSummary>
