<?xml version="1.0" encoding="UTF-8"?>
<GenRun Id="impl_1" LaunchPart="xc7a100tcsg324-1" LaunchTime="1556759269">
  <File Type="PWROPT-DRC" Name="vga_char_drc_pwropted.rpt"/>
  <File Type="OPT-METHODOLOGY-DRC" Name="vga_char_methodology_drc_opted.rpt"/>
  <File Type="INIT-TIMING" Name="vga_char_timing_summary_init.rpt"/>
  <File Type="ROUTE-PWR-RPX" Name="vga_char_power_routed.rpx"/>
  <File Type="PA-TCL" Name="vga_char.tcl"/>
  <File Type="OPT-HWDEF" Name="vga_char.hwdef"/>
  <File Type="RDI-RDI" Name="vga_char.vdi"/>
  <File Type="OPT-DCP" Name="vga_char_opt.dcp"/>
  <File Type="OPT-DRC" Name="vga_char_drc_opted.rpt"/>
  <File Type="OPT-TIMING" Name="vga_char_timing_summary_opted.rpt"/>
  <File Type="PWROPT-DCP" Name="vga_char_pwropt.dcp"/>
  <File Type="PWROPT-TIMING" Name="vga_char_timing_summary_pwropted.rpt"/>
  <File Type="PLACE-DCP" Name="vga_char_placed.dcp"/>
  <File Type="PLACE-IO" Name="vga_char_io_placed.rpt"/>
  <File Type="PLACE-CLK" Name="vga_char_clock_utilization_placed.rpt"/>
  <File Type="PLACE-UTIL" Name="vga_char_utilization_placed.rpt"/>
  <File Type="PLACE-UTIL-PB" Name="vga_char_utilization_placed.pb"/>
  <File Type="PLACE-CTRL" Name="vga_char_control_sets_placed.rpt"/>
  <File Type="PLACE-SIMILARITY" Name="vga_char_incremental_reuse_placed.rpt"/>
  <File Type="PLACE-PRE-SIMILARITY" Name="vga_char_incremental_reuse_pre_placed.rpt"/>
  <File Type="PLACE-TIMING" Name="vga_char_timing_summary_placed.rpt"/>
  <File Type="POSTPLACE-PWROPT-DCP" Name="vga_char_postplace_pwropt.dcp"/>
  <File Type="POSTPLACE-PWROPT-TIMING" Name="vga_char_timing_summary_postplace_pwropted.rpt"/>
  <File Type="PHYSOPT-DCP" Name="vga_char_physopt.dcp"/>
  <File Type="PHYSOPT-DRC" Name="vga_char_drc_physopted.rpt"/>
  <File Type="PHYSOPT-TIMING" Name="vga_char_timing_summary_physopted.rpt"/>
  <File Type="ROUTE-ERROR-DCP" Name="vga_char_routed_error.dcp"/>
  <File Type="ROUTE-DCP" Name="vga_char_routed.dcp"/>
  <File Type="ROUTE-BLACKBOX-DCP" Name="vga_char_routed_bb.dcp"/>
  <File Type="ROUTE-DRC" Name="vga_char_drc_routed.rpt"/>
  <File Type="ROUTE-DRC-PB" Name="vga_char_drc_routed.pb"/>
  <File Type="BG-BIN" Name="vga_char.bin"/>
  <File Type="ROUTE-DRC-RPX" Name="vga_char_drc_routed.rpx"/>
  <File Type="BG-DRC" Name="vga_char.drc"/>
  <File Type="ROUTE-METHODOLOGY-DRC" Name="vga_char_methodology_drc_routed.rpt"/>
  <File Type="BITSTR-MSK" Name="vga_char.msk"/>
  <File Type="ROUTE-METHODOLOGY-DRC-RPX" Name="vga_char_methodology_drc_routed.rpx"/>
  <File Type="BG-BGN" Name="vga_char.bgn"/>
  <File Type="ROUTE-METHODOLOGY-DRC-PB" Name="vga_char_methodology_drc_routed.pb"/>
  <File Type="ROUTE-PWR" Name="vga_char_power_routed.rpt"/>
  <File Type="ROUTE-PWR-SUM" Name="vga_char_power_summary_routed.pb"/>
  <File Type="ROUTE-STATUS" Name="vga_char_route_status.rpt"/>
  <File Type="ROUTE-STATUS-PB" Name="vga_char_route_status.pb"/>
  <File Type="ROUTE-TIMINGSUMMARY" Name="vga_char_timing_summary_routed.rpt"/>
  <File Type="ROUTE-TIMING-PB" Name="vga_char_timing_summary_routed.pb"/>
  <File Type="ROUTE-TIMING-RPX" Name="vga_char_timing_summary_routed.rpx"/>
  <File Type="ROUTE-SIMILARITY" Name="vga_char_incremental_reuse_routed.rpt"/>
  <File Type="ROUTE-CLK" Name="vga_char_clock_utilization_routed.rpt"/>
  <File Type="POSTROUTE-PHYSOPT-DCP" Name="vga_char_postroute_physopt.dcp"/>
  <File Type="POSTROUTE-PHYSOPT-BLACKBOX-DCP" Name="vga_char_postroute_physopt_bb.dcp"/>
  <File Type="POSTROUTE-PHYSOPT-TIMING" Name="vga_char_timing_summary_postroute_physopted.rpt"/>
  <File Type="POSTROUTE-PHYSOPT-TIMING-PB" Name="vga_char_timing_summary_postroute_physopted.pb"/>
  <File Type="POSTROUTE-PHYSOPT-TIMING-RPX" Name="vga_char_timing_summary_postroute_physopted.rpx"/>
  <File Type="BG-BIT" Name="vga_char.bit"/>
  <File Type="BITSTR-RBT" Name="vga_char.rbt"/>
  <File Type="BITSTR-NKY" Name="vga_char.nky"/>
  <File Type="BITSTR-BMM" Name="vga_char_bd.bmm"/>
  <File Type="BITSTR-MMI" Name="vga_char.mmi"/>
  <File Type="BITSTR-SYSDEF" Name="vga_char.sysdef"/>
  <File Type="WBT-USG" Name="usage_statistics_webtalk.html"/>
  <FileSet Name="sources" Type="DesignSrcs" RelSrcDir="$PSRCDIR/sources_1">
    <Filter Type="Srcs"/>
    <File Path="$PSRCDIR/sources_1/new/vga_char.v">
      <FileInfo>
        <Attr Name="ImportPath" Val="$PPRDIR/../project_2/project_2.srcs/sources_1/new/vga_char.v"/>
        <Attr Name="ImportTime" Val="1556750452"/>
        <Attr Name="UsedIn" Val="synthesis"/>
        <Attr Name="UsedIn" Val="implementation"/>
        <Attr Name="UsedIn" Val="simulation"/>
      </FileInfo>
    </File>
    <Config>
      <Option Name="DesignMode" Val="RTL"/>
      <Option Name="TopModule" Val="vga_char"/>
      <Option Name="TopAutoSet" Val="TRUE"/>
    </Config>
  </FileSet>
  <FileSet Name="constrs_in" Type="Constrs" RelSrcDir="$PSRCDIR/constrs_1">
    <Filter Type="Constrs"/>
    <File Path="$PSRCDIR/constrs_1/new/pins.xdc">
      <FileInfo>
        <Attr Name="ImportPath" Val="$PPRDIR/../project_2/project_2.srcs/constrs_1/new/pins.xdc"/>
        <Attr Name="ImportTime" Val="1556748896"/>
        <Attr Name="UsedIn" Val="synthesis"/>
        <Attr Name="UsedIn" Val="implementation"/>
      </FileInfo>
    </File>
    <Config>
      <Option Name="ConstrsType" Val="XDC"/>
    </Config>
  </FileSet>
  <Strategy Version="1" Minor="2">
    <StratHandle Name="Vivado Implementation Defaults" Flow="Vivado Implementation 2017"/>
    <Step Id="init_design"/>
    <Step Id="opt_design"/>
    <Step Id="power_opt_design"/>
    <Step Id="place_design"/>
    <Step Id="post_place_power_opt_design"/>
    <Step Id="phys_opt_design"/>
    <Step Id="route_design"/>
    <Step Id="post_route_phys_opt_design"/>
    <Step Id="write_bitstream"/>
  </Strategy>
</GenRun>
