<?xml version="1.0" encoding="UTF-8"?>
<GenRun Id="synth_1" LaunchPart="xc7a100tcsg324-1" LaunchTime="1524981263">
  <File Type="PA-TCL" Name="lab4.tcl"/>
  <File Type="RDS-PROPCONSTRS" Name="lab4_drc_synth.rpt"/>
  <File Type="RDS-RDS" Name="lab4.vds"/>
  <File Type="RDS-UTIL" Name="lab4_utilization_synth.rpt"/>
  <File Type="RDS-UTIL-PB" Name="lab4_utilization_synth.pb"/>
  <File Type="RDS-DCP" Name="lab4.dcp"/>
  <File Type="VDS-TIMINGSUMMARY" Name="lab4_timing_summary_synth.rpt"/>
  <File Type="VDS-TIMING-PB" Name="lab4_timing_summary_synth.pb"/>
  <FileSet Name="sources" Type="DesignSrcs" RelSrcDir="$PSRCDIR/sources_1">
    <Filter Type="Srcs"/>
    <File Path="$PSRCDIR/sources_1/new/lab4.v">
      <FileInfo>
        <Attr Name="ImportPath" Val="$PPRDIR/../../../../../l4trw/Lab4TheRightWay/Lab4TheRightWay.srcs/sources_1/new/lab4.v"/>
        <Attr Name="ImportTime" Val="1524981259"/>
        <Attr Name="UsedIn" Val="synthesis"/>
        <Attr Name="UsedIn" Val="implementation"/>
        <Attr Name="UsedIn" Val="simulation"/>
      </FileInfo>
    </File>
    <Config>
      <Option Name="DesignMode" Val="RTL"/>
      <Option Name="TopModule" Val="lab4"/>
      <Option Name="TopAutoSet" Val="TRUE"/>
    </Config>
  </FileSet>
  <FileSet Name="constrs_in" Type="Constrs" RelSrcDir="$PSRCDIR/constrs_1">
    <Filter Type="Constrs"/>
    <Config>
      <Option Name="ConstrsType" Val="XDC"/>
    </Config>
  </FileSet>
  <Strategy Version="1" Minor="2">
    <StratHandle Name="Vivado Synthesis Defaults" Flow="Vivado Synthesis 2017"/>
    <Step Id="synth_design"/>
  </Strategy>
</GenRun>
