<project name="Sea Glass Look and Feel">
	<publishDate position="navigation-bottom" format="dd MMM yyyy" />
	<version position="left" />
	<bannerRight>
	   <src>images/logos/SeaGlassLogo.png</src>
	</bannerRight>
	<skin>
	    <groupId>com.seaglasslookandfeel.siteskin</groupId>
	    <artifactId>seaglass-site-skin</artifactId>
	    <version>1.0</version>
	</skin>
	<body>
		<links>
			<item name="Kenneth Orr" href="http://explodingpixels.wordpress.com" />
			<item name="Kathryn Huxtable" href="http://www.kathrynhuxtable.org" />
		</links>

		<menu name="Sea Glass Look and Feel">
			<item name="Introduction" href="index.html" collapse="none" />
			<item collapse="true" name="Discussion Group" href="http://groups.google.com/group/sea-glass-look-and-feel" />
            <item collapse="true" name="Google Code" href="http://seaglasslookandfeel.com" />
            <item name="Downloads" href="downloads.html" />
            <item name="Usage" href="usage.html" />
            <item name="Client properties" href="client-properties.html" />
        </menu>

		<menu name="Project Information">
			<item name="Dependencies" href="dependencies.html" />
			<item name="Issue Tracking" href="issue-tracking.html" />
			<item name="Mailing Lists" href="mail-lists.html" />
			<item name="Project License" href="license.html" />
			<item name="Project Summary" href="project-summary.html" />
			<item name="Project Team" href="team-list.html" />
			<item name="Source Repository" href="source-repository.html" />
		</menu>

		<menu name="Project Reports">
			<item href="cpd.html" name="CPD Report" />
			<item collapse="true" href="apidocs/index.html" name="JavaDocs" />
			<item href="pmd.html" name="PMD Report" />
			<item collapse="true" href="xref/index.html" name="Source Xref" />
			<item href="taglist.html" name="Tag List" />
		</menu>

	</body>
</project>
