<?xml version="1.0" encoding="UTF-8"?>
<GenRun Id="impl_1" LaunchPart="xc7a100tcsg324-1" LaunchTime="1522274194">
  <File Type="PWROPT-DRC" Name="new_cnt_drc_pwropted.rpt"/>
  <File Type="OPT-METHODOLOGY-DRC" Name="new_cnt_methodology_drc_opted.rpt"/>
  <File Type="INIT-TIMING" Name="new_cnt_timing_summary_init.rpt"/>
  <File Type="ROUTE-PWR-RPX" Name="new_cnt_power_routed.rpx"/>
  <File Type="PA-TCL" Name="new_cnt.tcl"/>
  <File Type="OPT-HWDEF" Name="new_cnt.hwdef"/>
  <File Type="RDI-RDI" Name="new_cnt.vdi"/>
  <File Type="OPT-DCP" Name="new_cnt_opt.dcp"/>
  <File Type="OPT-DRC" Name="new_cnt_drc_opted.rpt"/>
  <File Type="OPT-TIMING" Name="new_cnt_timing_summary_opted.rpt"/>
  <File Type="PWROPT-DCP" Name="new_cnt_pwropt.dcp"/>
  <File Type="PWROPT-TIMING" Name="new_cnt_timing_summary_pwropted.rpt"/>
  <File Type="PLACE-DCP" Name="new_cnt_placed.dcp"/>
  <File Type="PLACE-IO" Name="new_cnt_io_placed.rpt"/>
  <File Type="PLACE-CLK" Name="new_cnt_clock_utilization_placed.rpt"/>
  <File Type="PLACE-UTIL" Name="new_cnt_utilization_placed.rpt"/>
  <File Type="PLACE-UTIL-PB" Name="new_cnt_utilization_placed.pb"/>
  <File Type="PLACE-CTRL" Name="new_cnt_control_sets_placed.rpt"/>
  <File Type="PLACE-SIMILARITY" Name="new_cnt_incremental_reuse_placed.rpt"/>
  <File Type="PLACE-PRE-SIMILARITY" Name="new_cnt_incremental_reuse_pre_placed.rpt"/>
  <File Type="PLACE-TIMING" Name="new_cnt_timing_summary_placed.rpt"/>
  <File Type="POSTPLACE-PWROPT-DCP" Name="new_cnt_postplace_pwropt.dcp"/>
  <File Type="POSTPLACE-PWROPT-TIMING" Name="new_cnt_timing_summary_postplace_pwropted.rpt"/>
  <File Type="PHYSOPT-DCP" Name="new_cnt_physopt.dcp"/>
  <File Type="PHYSOPT-DRC" Name="new_cnt_drc_physopted.rpt"/>
  <File Type="PHYSOPT-TIMING" Name="new_cnt_timing_summary_physopted.rpt"/>
  <File Type="ROUTE-ERROR-DCP" Name="new_cnt_routed_error.dcp"/>
  <File Type="ROUTE-DCP" Name="new_cnt_routed.dcp"/>
  <File Type="ROUTE-BLACKBOX-DCP" Name="new_cnt_routed_bb.dcp"/>
  <File Type="ROUTE-DRC" Name="new_cnt_drc_routed.rpt"/>
  <File Type="ROUTE-DRC-PB" Name="new_cnt_drc_routed.pb"/>
  <File Type="BG-BIN" Name="new_cnt.bin"/>
  <File Type="ROUTE-DRC-RPX" Name="new_cnt_drc_routed.rpx"/>
  <File Type="BG-DRC" Name="new_cnt.drc"/>
  <File Type="ROUTE-METHODOLOGY-DRC" Name="new_cnt_methodology_drc_routed.rpt"/>
  <File Type="BITSTR-MSK" Name="new_cnt.msk"/>
  <File Type="ROUTE-METHODOLOGY-DRC-RPX" Name="new_cnt_methodology_drc_routed.rpx"/>
  <File Type="BG-BGN" Name="new_cnt.bgn"/>
  <File Type="ROUTE-METHODOLOGY-DRC-PB" Name="new_cnt_methodology_drc_routed.pb"/>
  <File Type="ROUTE-PWR" Name="new_cnt_power_routed.rpt"/>
  <File Type="ROUTE-PWR-SUM" Name="new_cnt_power_summary_routed.pb"/>
  <File Type="ROUTE-STATUS" Name="new_cnt_route_status.rpt"/>
  <File Type="ROUTE-STATUS-PB" Name="new_cnt_route_status.pb"/>
  <File Type="ROUTE-TIMINGSUMMARY" Name="new_cnt_timing_summary_routed.rpt"/>
  <File Type="ROUTE-TIMING-PB" Name="new_cnt_timing_summary_routed.pb"/>
  <File Type="ROUTE-TIMING-RPX" Name="new_cnt_timing_summary_routed.rpx"/>
  <File Type="ROUTE-SIMILARITY" Name="new_cnt_incremental_reuse_routed.rpt"/>
  <File Type="ROUTE-CLK" Name="new_cnt_clock_utilization_routed.rpt"/>
  <File Type="POSTROUTE-PHYSOPT-DCP" Name="new_cnt_postroute_physopt.dcp"/>
  <File Type="POSTROUTE-PHYSOPT-BLACKBOX-DCP" Name="new_cnt_postroute_physopt_bb.dcp"/>
  <File Type="POSTROUTE-PHYSOPT-TIMING" Name="new_cnt_timing_summary_postroute_physopted.rpt"/>
  <File Type="POSTROUTE-PHYSOPT-TIMING-PB" Name="new_cnt_timing_summary_postroute_physopted.pb"/>
  <File Type="POSTROUTE-PHYSOPT-TIMING-RPX" Name="new_cnt_timing_summary_postroute_physopted.rpx"/>
  <File Type="BG-BIT" Name="new_cnt.bit"/>
  <File Type="BITSTR-RBT" Name="new_cnt.rbt"/>
  <File Type="BITSTR-NKY" Name="new_cnt.nky"/>
  <File Type="BITSTR-BMM" Name="new_cnt_bd.bmm"/>
  <File Type="BITSTR-MMI" Name="new_cnt.mmi"/>
  <File Type="BITSTR-SYSDEF" Name="new_cnt.sysdef"/>
  <File Type="WBT-USG" Name="usage_statistics_webtalk.html"/>
  <FileSet Name="sources" Type="DesignSrcs" RelSrcDir="$PSRCDIR/sources_1">
    <Filter Type="Srcs"/>
    <File Path="$PSRCDIR/sources_1/new/l3p1.vhd">
      <FileInfo>
        <Attr Name="UsedIn" Val="synthesis"/>
        <Attr Name="UsedIn" Val="simulation"/>
      </FileInfo>
    </File>
    <Config>
      <Option Name="DesignMode" Val="RTL"/>
      <Option Name="TopModule" Val="new_cnt"/>
      <Option Name="TopAutoSet" Val="TRUE"/>
    </Config>
  </FileSet>
  <FileSet Name="constrs_in" Type="Constrs" RelSrcDir="$PSRCDIR/constrs_1">
    <Filter Type="Constrs"/>
    <File Path="$PPRDIR/constraints.xdc">
      <FileInfo>
        <Attr Name="UsedIn" Val="synthesis"/>
        <Attr Name="UsedIn" Val="implementation"/>
      </FileInfo>
    </File>
    <Config>
      <Option Name="ConstrsType" Val="XDC"/>
    </Config>
  </FileSet>
  <Strategy Version="1" Minor="2">
    <StratHandle Name="Vivado Implementation Defaults" Flow="Vivado Implementation 2017">
      <Desc>Default settings for Implementation.</Desc>
    </StratHandle>
    <Step Id="init_design"/>
    <Step Id="opt_design"/>
    <Step Id="power_opt_design"/>
    <Step Id="place_design"/>
    <Step Id="post_place_power_opt_design"/>
    <Step Id="phys_opt_design"/>
    <Step Id="route_design"/>
    <Step Id="post_route_phys_opt_design"/>
    <Step Id="write_bitstream"/>
  </Strategy>
</GenRun>
