<?xml version="1.0" encoding="UTF-8"?>
<GenRun Id="synth_1" LaunchPart="xc7a100tcsg324-1" LaunchTime="1556759269">
  <File Type="RDS-PROPCONSTRS" Name="vga_char_drc_synth.rpt"/>
  <File Type="PA-TCL" Name="vga_char.tcl"/>
  <File Type="RDS-RDS" Name="vga_char.vds"/>
  <File Type="RDS-UTIL" Name="vga_char_utilization_synth.rpt"/>
  <File Type="RDS-UTIL-PB" Name="vga_char_utilization_synth.pb"/>
  <File Type="RDS-DCP" Name="vga_char.dcp"/>
  <File Type="VDS-TIMINGSUMMARY" Name="vga_char_timing_summary_synth.rpt"/>
  <File Type="VDS-TIMING-PB" Name="vga_char_timing_summary_synth.pb"/>
  <FileSet Name="sources" Type="DesignSrcs" RelSrcDir="$PSRCDIR/sources_1">
    <Filter Type="Srcs"/>
    <File Path="$PSRCDIR/sources_1/new/vga_char.v">
      <FileInfo>
        <Attr Name="ImportPath" Val="$PPRDIR/../project_2/project_2.srcs/sources_1/new/vga_char.v"/>
        <Attr Name="ImportTime" Val="1556750452"/>
        <Attr Name="UsedIn" Val="synthesis"/>
        <Attr Name="UsedIn" Val="implementation"/>
        <Attr Name="UsedIn" Val="simulation"/>
      </FileInfo>
    </File>
    <Config>
      <Option Name="DesignMode" Val="RTL"/>
      <Option Name="TopModule" Val="vga_char"/>
      <Option Name="TopAutoSet" Val="TRUE"/>
    </Config>
  </FileSet>
  <FileSet Name="constrs_in" Type="Constrs" RelSrcDir="$PSRCDIR/constrs_1">
    <Filter Type="Constrs"/>
    <File Path="$PSRCDIR/constrs_1/new/pins.xdc">
      <FileInfo>
        <Attr Name="ImportPath" Val="$PPRDIR/../project_2/project_2.srcs/constrs_1/new/pins.xdc"/>
        <Attr Name="ImportTime" Val="1556748896"/>
        <Attr Name="UsedIn" Val="synthesis"/>
        <Attr Name="UsedIn" Val="implementation"/>
      </FileInfo>
    </File>
    <Config>
      <Option Name="ConstrsType" Val="XDC"/>
    </Config>
  </FileSet>
  <Strategy Version="1" Minor="2">
    <StratHandle Name="Vivado Synthesis Defaults" Flow="Vivado Synthesis 2017"/>
    <Step Id="synth_design"/>
  </Strategy>
</GenRun>
