<?xml version="1.0" encoding="UTF-8"?>
<GenRun Id="impl_1" LaunchPart="xc7a100tcsg324-1" LaunchTime="1551926543">
  <File Type="PLACE-DCP" Name="bcdCounter_placed.dcp"/>
  <File Type="PA-DCP" Name="bcdCounter.dcp"/>
  <File Type="OPT-METHODOLOGY-DRC" Name="bcdCounter_methodology_drc_opted.rpt"/>
  <File Type="INIT-TIMING" Name="bcdCounter_timing_summary_init.rpt"/>
  <File Type="ROUTE-PWR-RPX" Name="bcdCounter_power_routed.rpx"/>
  <File Type="PA-TCL" Name="bcdCounter.tcl"/>
  <File Type="OPT-HWDEF" Name="bcdCounter.hwdef"/>
  <File Type="RDI-RDI" Name="bcdCounter.vdi"/>
  <File Type="OPT-DCP" Name="bcdCounter_opt.dcp"/>
  <File Type="OPT-DRC" Name="bcdCounter_drc_opted.rpt"/>
  <File Type="OPT-TIMING" Name="bcdCounter_timing_summary_opted.rpt"/>
  <File Type="PWROPT-DCP" Name="bcdCounter_pwropt.dcp"/>
  <File Type="PWROPT-DRC" Name="bcdCounter_drc_pwropted.rpt"/>
  <File Type="PWROPT-TIMING" Name="bcdCounter_timing_summary_pwropted.rpt"/>
  <File Type="PLACE-IO" Name="bcdCounter_io_placed.rpt"/>
  <File Type="PLACE-CLK" Name="bcdCounter_clock_utilization_placed.rpt"/>
  <File Type="PLACE-UTIL" Name="bcdCounter_utilization_placed.rpt"/>
  <File Type="PLACE-UTIL-PB" Name="bcdCounter_utilization_placed.pb"/>
  <File Type="PLACE-CTRL" Name="bcdCounter_control_sets_placed.rpt"/>
  <File Type="PLACE-SIMILARITY" Name="bcdCounter_incremental_reuse_placed.rpt"/>
  <File Type="PLACE-PRE-SIMILARITY" Name="bcdCounter_incremental_reuse_pre_placed.rpt"/>
  <File Type="PLACE-TIMING" Name="bcdCounter_timing_summary_placed.rpt"/>
  <File Type="POSTPLACE-PWROPT-DCP" Name="bcdCounter_postplace_pwropt.dcp"/>
  <File Type="POSTPLACE-PWROPT-TIMING" Name="bcdCounter_timing_summary_postplace_pwropted.rpt"/>
  <File Type="PHYSOPT-DCP" Name="bcdCounter_physopt.dcp"/>
  <File Type="PHYSOPT-DRC" Name="bcdCounter_drc_physopted.rpt"/>
  <File Type="PHYSOPT-TIMING" Name="bcdCounter_timing_summary_physopted.rpt"/>
  <File Type="ROUTE-ERROR-DCP" Name="bcdCounter_routed_error.dcp"/>
  <File Type="ROUTE-DCP" Name="bcdCounter_routed.dcp"/>
  <File Type="ROUTE-BLACKBOX-DCP" Name="bcdCounter_routed_bb.dcp"/>
  <File Type="ROUTE-DRC" Name="bcdCounter_drc_routed.rpt"/>
  <File Type="ROUTE-DRC-PB" Name="bcdCounter_drc_routed.pb"/>
  <File Type="BG-BIN" Name="bcdCounter.bin"/>
  <File Type="ROUTE-DRC-RPX" Name="bcdCounter_drc_routed.rpx"/>
  <File Type="BG-DRC" Name="bcdCounter.drc"/>
  <File Type="ROUTE-METHODOLOGY-DRC" Name="bcdCounter_methodology_drc_routed.rpt"/>
  <File Type="BITSTR-MSK" Name="bcdCounter.msk"/>
  <File Type="ROUTE-METHODOLOGY-DRC-RPX" Name="bcdCounter_methodology_drc_routed.rpx"/>
  <File Type="BG-BGN" Name="bcdCounter.bgn"/>
  <File Type="ROUTE-METHODOLOGY-DRC-PB" Name="bcdCounter_methodology_drc_routed.pb"/>
  <File Type="ROUTE-PWR" Name="bcdCounter_power_routed.rpt"/>
  <File Type="ROUTE-PWR-SUM" Name="bcdCounter_power_summary_routed.pb"/>
  <File Type="ROUTE-STATUS" Name="bcdCounter_route_status.rpt"/>
  <File Type="ROUTE-STATUS-PB" Name="bcdCounter_route_status.pb"/>
  <File Type="ROUTE-TIMINGSUMMARY" Name="bcdCounter_timing_summary_routed.rpt"/>
  <File Type="ROUTE-TIMING-PB" Name="bcdCounter_timing_summary_routed.pb"/>
  <File Type="ROUTE-TIMING-RPX" Name="bcdCounter_timing_summary_routed.rpx"/>
  <File Type="ROUTE-SIMILARITY" Name="bcdCounter_incremental_reuse_routed.rpt"/>
  <File Type="ROUTE-CLK" Name="bcdCounter_clock_utilization_routed.rpt"/>
  <File Type="POSTROUTE-PHYSOPT-DCP" Name="bcdCounter_postroute_physopt.dcp"/>
  <File Type="POSTROUTE-PHYSOPT-BLACKBOX-DCP" Name="bcdCounter_postroute_physopt_bb.dcp"/>
  <File Type="POSTROUTE-PHYSOPT-TIMING" Name="bcdCounter_timing_summary_postroute_physopted.rpt"/>
  <File Type="POSTROUTE-PHYSOPT-TIMING-PB" Name="bcdCounter_timing_summary_postroute_physopted.pb"/>
  <File Type="POSTROUTE-PHYSOPT-TIMING-RPX" Name="bcdCounter_timing_summary_postroute_physopted.rpx"/>
  <File Type="BG-BIT" Name="bcdCounter.bit"/>
  <File Type="BITSTR-RBT" Name="bcdCounter.rbt"/>
  <File Type="BITSTR-NKY" Name="bcdCounter.nky"/>
  <File Type="BITSTR-BMM" Name="bcdCounter_bd.bmm"/>
  <File Type="BITSTR-MMI" Name="bcdCounter.mmi"/>
  <File Type="BITSTR-SYSDEF" Name="bcdCounter.sysdef"/>
  <File Type="WBT-USG" Name="usage_statistics_webtalk.html"/>
  <FileSet Name="sources" Type="DesignSrcs" RelSrcDir="$PSRCDIR/sources_1">
    <Filter Type="Srcs"/>
    <File Path="$PSRCDIR/sources_1/new/bcdcounter.vhd">
      <FileInfo>
        <Attr Name="UsedIn" Val="synthesis"/>
        <Attr Name="UsedIn" Val="simulation"/>
      </FileInfo>
    </File>
    <Config>
      <Option Name="DesignMode" Val="RTL"/>
      <Option Name="TopModule" Val="bcdCounter"/>
      <Option Name="TopAutoSet" Val="TRUE"/>
    </Config>
  </FileSet>
  <FileSet Name="constrs_in" Type="Constrs" RelSrcDir="$PSRCDIR/constrs_1">
    <Filter Type="Constrs"/>
    <File Path="$PSRCDIR/constrs_1/new/bcdcounter_constraints.xdc">
      <FileInfo>
        <Attr Name="UsedIn" Val="synthesis"/>
        <Attr Name="UsedIn" Val="implementation"/>
      </FileInfo>
    </File>
    <Config>
      <Option Name="TargetConstrsFile" Val="$PSRCDIR/constrs_1/new/bcdcounter_constraints.xdc"/>
      <Option Name="ConstrsType" Val="XDC"/>
    </Config>
  </FileSet>
  <Strategy Version="1" Minor="2">
    <StratHandle Name="Vivado Implementation Defaults" Flow="Vivado Implementation 2017"/>
    <Step Id="init_design"/>
    <Step Id="opt_design"/>
    <Step Id="power_opt_design"/>
    <Step Id="place_design"/>
    <Step Id="post_place_power_opt_design"/>
    <Step Id="phys_opt_design"/>
    <Step Id="route_design"/>
    <Step Id="post_route_phys_opt_design"/>
    <Step Id="write_bitstream"/>
  </Strategy>
</GenRun>
