<?xml version="1.0" encoding="UTF-8"?>
<GenRun Id="synth_1" LaunchPart="xc7a100tcsg324-1" LaunchTime="1521067898">
  <File Type="PA-TCL" Name="counter.tcl"/>
  <File Type="RDS-PROPCONSTRS" Name="counter_drc_synth.rpt"/>
  <File Type="RDS-RDS" Name="counter.vds"/>
  <File Type="RDS-UTIL" Name="counter_utilization_synth.rpt"/>
  <File Type="RDS-UTIL-PB" Name="counter_utilization_synth.pb"/>
  <File Type="RDS-DCP" Name="counter.dcp"/>
  <File Type="VDS-TIMINGSUMMARY" Name="counter_timing_summary_synth.rpt"/>
  <File Type="VDS-TIMING-PB" Name="counter_timing_summary_synth.pb"/>
  <FileSet Name="sources" Type="DesignSrcs" RelSrcDir="$PSRCDIR/sources_1">
    <Filter Type="Srcs"/>
    <File Path="$PSRCDIR/sources_1/imports/Downloads/lab3.vhdl">
      <FileInfo>
        <Attr Name="ImportPath" Val="$PPRDIR/../../../../../../Downloads/lab3.vhdl"/>
        <Attr Name="ImportTime" Val="1521067879"/>
        <Attr Name="UsedIn" Val="synthesis"/>
        <Attr Name="UsedIn" Val="simulation"/>
      </FileInfo>
    </File>
    <Config>
      <Option Name="DesignMode" Val="RTL"/>
      <Option Name="TopModule" Val="counter"/>
      <Option Name="TopAutoSet" Val="TRUE"/>
    </Config>
  </FileSet>
  <FileSet Name="constrs_in" Type="Constrs" RelSrcDir="$PSRCDIR/constrs_1">
    <Filter Type="Constrs"/>
    <File Path="$PSRCDIR/constrs_1/imports/Lab3Part1/constraintfile.xdc">
      <FileInfo>
        <Attr Name="ImportPath" Val="$PPRDIR/../../../../constraintfile.xdc"/>
        <Attr Name="ImportTime" Val="1521067826"/>
        <Attr Name="UsedIn" Val="synthesis"/>
        <Attr Name="UsedIn" Val="implementation"/>
      </FileInfo>
    </File>
    <Config>
      <Option Name="ConstrsType" Val="XDC"/>
    </Config>
  </FileSet>
  <Strategy Version="1" Minor="2">
    <StratHandle Name="Vivado Synthesis Defaults" Flow="Vivado Synthesis 2017"/>
    <Step Id="synth_design"/>
  </Strategy>
</GenRun>
