<?xml version="1.0" encoding="UTF-8"?>
<GenRun Id="impl_1" LaunchPart="xc7a100tcsg324-1" LaunchTime="1550718190">
  <File Type="ROUTE-PWR-RPX" Name="fpga_fun_power_routed.rpx"/>
  <File Type="PA-TCL" Name="fpga_fun.tcl"/>
  <File Type="INIT-TIMING" Name="fpga_fun_timing_summary_init.rpt"/>
  <File Type="OPT-METHODOLOGY-DRC" Name="fpga_fun_methodology_drc_opted.rpt"/>
  <File Type="PWROPT-DRC" Name="fpga_fun_drc_pwropted.rpt"/>
  <File Type="RDI-RDI" Name="fpga_fun.vdi"/>
  <File Type="OPT-DCP" Name="fpga_fun_opt.dcp"/>
  <File Type="OPT-HWDEF" Name="fpga_fun.hwdef"/>
  <File Type="OPT-DRC" Name="fpga_fun_drc_opted.rpt"/>
  <File Type="OPT-TIMING" Name="fpga_fun_timing_summary_opted.rpt"/>
  <File Type="PWROPT-DCP" Name="fpga_fun_pwropt.dcp"/>
  <File Type="PWROPT-TIMING" Name="fpga_fun_timing_summary_pwropted.rpt"/>
  <File Type="PLACE-DCP" Name="fpga_fun_placed.dcp"/>
  <File Type="PLACE-IO" Name="fpga_fun_io_placed.rpt"/>
  <File Type="PLACE-CLK" Name="fpga_fun_clock_utilization_placed.rpt"/>
  <File Type="PLACE-UTIL" Name="fpga_fun_utilization_placed.rpt"/>
  <File Type="PLACE-UTIL-PB" Name="fpga_fun_utilization_placed.pb"/>
  <File Type="PLACE-CTRL" Name="fpga_fun_control_sets_placed.rpt"/>
  <File Type="PLACE-SIMILARITY" Name="fpga_fun_incremental_reuse_placed.rpt"/>
  <File Type="PLACE-PRE-SIMILARITY" Name="fpga_fun_incremental_reuse_pre_placed.rpt"/>
  <File Type="PLACE-TIMING" Name="fpga_fun_timing_summary_placed.rpt"/>
  <File Type="POSTPLACE-PWROPT-DCP" Name="fpga_fun_postplace_pwropt.dcp"/>
  <File Type="POSTPLACE-PWROPT-TIMING" Name="fpga_fun_timing_summary_postplace_pwropted.rpt"/>
  <File Type="PHYSOPT-DCP" Name="fpga_fun_physopt.dcp"/>
  <File Type="PHYSOPT-DRC" Name="fpga_fun_drc_physopted.rpt"/>
  <File Type="PHYSOPT-TIMING" Name="fpga_fun_timing_summary_physopted.rpt"/>
  <File Type="ROUTE-ERROR-DCP" Name="fpga_fun_routed_error.dcp"/>
  <File Type="ROUTE-DCP" Name="fpga_fun_routed.dcp"/>
  <File Type="ROUTE-BLACKBOX-DCP" Name="fpga_fun_routed_bb.dcp"/>
  <File Type="ROUTE-DRC" Name="fpga_fun_drc_routed.rpt"/>
  <File Type="ROUTE-DRC-PB" Name="fpga_fun_drc_routed.pb"/>
  <File Type="ROUTE-DRC-RPX" Name="fpga_fun_drc_routed.rpx"/>
  <File Type="BG-BIN" Name="fpga_fun.bin"/>
  <File Type="ROUTE-METHODOLOGY-DRC" Name="fpga_fun_methodology_drc_routed.rpt"/>
  <File Type="BG-DRC" Name="fpga_fun.drc"/>
  <File Type="ROUTE-METHODOLOGY-DRC-RPX" Name="fpga_fun_methodology_drc_routed.rpx"/>
  <File Type="BITSTR-MSK" Name="fpga_fun.msk"/>
  <File Type="ROUTE-METHODOLOGY-DRC-PB" Name="fpga_fun_methodology_drc_routed.pb"/>
  <File Type="BG-BGN" Name="fpga_fun.bgn"/>
  <File Type="ROUTE-PWR" Name="fpga_fun_power_routed.rpt"/>
  <File Type="ROUTE-PWR-SUM" Name="fpga_fun_power_summary_routed.pb"/>
  <File Type="ROUTE-STATUS" Name="fpga_fun_route_status.rpt"/>
  <File Type="ROUTE-STATUS-PB" Name="fpga_fun_route_status.pb"/>
  <File Type="ROUTE-TIMINGSUMMARY" Name="fpga_fun_timing_summary_routed.rpt"/>
  <File Type="ROUTE-TIMING-PB" Name="fpga_fun_timing_summary_routed.pb"/>
  <File Type="ROUTE-TIMING-RPX" Name="fpga_fun_timing_summary_routed.rpx"/>
  <File Type="ROUTE-SIMILARITY" Name="fpga_fun_incremental_reuse_routed.rpt"/>
  <File Type="ROUTE-CLK" Name="fpga_fun_clock_utilization_routed.rpt"/>
  <File Type="POSTROUTE-PHYSOPT-DCP" Name="fpga_fun_postroute_physopt.dcp"/>
  <File Type="POSTROUTE-PHYSOPT-BLACKBOX-DCP" Name="fpga_fun_postroute_physopt_bb.dcp"/>
  <File Type="POSTROUTE-PHYSOPT-TIMING" Name="fpga_fun_timing_summary_postroute_physopted.rpt"/>
  <File Type="POSTROUTE-PHYSOPT-TIMING-PB" Name="fpga_fun_timing_summary_postroute_physopted.pb"/>
  <File Type="POSTROUTE-PHYSOPT-TIMING-RPX" Name="fpga_fun_timing_summary_postroute_physopted.rpx"/>
  <File Type="BG-BIT" Name="fpga_fun.bit"/>
  <File Type="BITSTR-RBT" Name="fpga_fun.rbt"/>
  <File Type="BITSTR-NKY" Name="fpga_fun.nky"/>
  <File Type="BITSTR-BMM" Name="fpga_fun_bd.bmm"/>
  <File Type="BITSTR-MMI" Name="fpga_fun.mmi"/>
  <File Type="BITSTR-SYSDEF" Name="fpga_fun.sysdef"/>
  <File Type="WBT-USG" Name="usage_statistics_webtalk.html"/>
  <FileSet Name="sources" Type="DesignSrcs" RelSrcDir="$PSRCDIR/sources_1">
    <Filter Type="Srcs"/>
    <File Path="$PSRCDIR/sources_1/new/CPESL.v">
      <FileInfo>
        <Attr Name="UsedIn" Val="synthesis"/>
        <Attr Name="UsedIn" Val="implementation"/>
        <Attr Name="UsedIn" Val="simulation"/>
      </FileInfo>
    </File>
    <Config>
      <Option Name="DesignMode" Val="RTL"/>
      <Option Name="TopModule" Val="fpga_fun"/>
      <Option Name="TopAutoSet" Val="TRUE"/>
    </Config>
  </FileSet>
  <FileSet Name="constrs_in" Type="Constrs" RelSrcDir="$PSRCDIR/constrs_1">
    <Filter Type="Constrs"/>
    <File Path="$PSRCDIR/constrs_1/new/CPESL_Constraint.xdc">
      <FileInfo>
        <Attr Name="UsedIn" Val="synthesis"/>
        <Attr Name="UsedIn" Val="implementation"/>
      </FileInfo>
    </File>
    <Config>
      <Option Name="ConstrsType" Val="XDC"/>
    </Config>
  </FileSet>
  <Strategy Version="1" Minor="2">
    <StratHandle Name="Vivado Implementation Defaults" Flow="Vivado Implementation 2017"/>
    <Step Id="init_design"/>
    <Step Id="opt_design"/>
    <Step Id="power_opt_design"/>
    <Step Id="place_design"/>
    <Step Id="post_place_power_opt_design"/>
    <Step Id="phys_opt_design"/>
    <Step Id="route_design"/>
    <Step Id="post_route_phys_opt_design"/>
    <Step Id="write_bitstream"/>
  </Strategy>
</GenRun>
