<?xml version="1.0" encoding="UTF-8"?>
<GenRun Id="impl_1" LaunchPart="xc7a100tcsg324-1" LaunchTime="1524623625">
  <File Type="PLACE-DCP" Name="top_sram_placed.dcp"/>
  <File Type="PA-DCP" Name="top_sram.dcp"/>
  <File Type="ROUTE-PWR-RPX" Name="top_sram_power_routed.rpx"/>
  <File Type="PA-TCL" Name="top_sram.tcl"/>
  <File Type="INIT-TIMING" Name="top_sram_timing_summary_init.rpt"/>
  <File Type="OPT-METHODOLOGY-DRC" Name="top_sram_methodology_drc_opted.rpt"/>
  <File Type="RDI-RDI" Name="top_sram.vdi"/>
  <File Type="OPT-DCP" Name="top_sram_opt.dcp"/>
  <File Type="OPT-HWDEF" Name="top_sram.hwdef"/>
  <File Type="OPT-DRC" Name="top_sram_drc_opted.rpt"/>
  <File Type="OPT-TIMING" Name="top_sram_timing_summary_opted.rpt"/>
  <File Type="PWROPT-DCP" Name="top_sram_pwropt.dcp"/>
  <File Type="PWROPT-DRC" Name="top_sram_drc_pwropted.rpt"/>
  <File Type="PWROPT-TIMING" Name="top_sram_timing_summary_pwropted.rpt"/>
  <File Type="PLACE-IO" Name="top_sram_io_placed.rpt"/>
  <File Type="PLACE-CLK" Name="top_sram_clock_utilization_placed.rpt"/>
  <File Type="PLACE-UTIL" Name="top_sram_utilization_placed.rpt"/>
  <File Type="PLACE-UTIL-PB" Name="top_sram_utilization_placed.pb"/>
  <File Type="PLACE-CTRL" Name="top_sram_control_sets_placed.rpt"/>
  <File Type="PLACE-SIMILARITY" Name="top_sram_incremental_reuse_placed.rpt"/>
  <File Type="PLACE-PRE-SIMILARITY" Name="top_sram_incremental_reuse_pre_placed.rpt"/>
  <File Type="PLACE-TIMING" Name="top_sram_timing_summary_placed.rpt"/>
  <File Type="POSTPLACE-PWROPT-DCP" Name="top_sram_postplace_pwropt.dcp"/>
  <File Type="POSTPLACE-PWROPT-TIMING" Name="top_sram_timing_summary_postplace_pwropted.rpt"/>
  <File Type="PHYSOPT-DCP" Name="top_sram_physopt.dcp"/>
  <File Type="PHYSOPT-DRC" Name="top_sram_drc_physopted.rpt"/>
  <File Type="PHYSOPT-TIMING" Name="top_sram_timing_summary_physopted.rpt"/>
  <File Type="ROUTE-ERROR-DCP" Name="top_sram_routed_error.dcp"/>
  <File Type="ROUTE-DCP" Name="top_sram_routed.dcp"/>
  <File Type="ROUTE-BLACKBOX-DCP" Name="top_sram_routed_bb.dcp"/>
  <File Type="ROUTE-DRC" Name="top_sram_drc_routed.rpt"/>
  <File Type="ROUTE-DRC-PB" Name="top_sram_drc_routed.pb"/>
  <File Type="ROUTE-DRC-RPX" Name="top_sram_drc_routed.rpx"/>
  <File Type="BG-BIN" Name="top_sram.bin"/>
  <File Type="ROUTE-METHODOLOGY-DRC" Name="top_sram_methodology_drc_routed.rpt"/>
  <File Type="BG-DRC" Name="top_sram.drc"/>
  <File Type="ROUTE-METHODOLOGY-DRC-RPX" Name="top_sram_methodology_drc_routed.rpx"/>
  <File Type="BITSTR-MSK" Name="top_sram.msk"/>
  <File Type="ROUTE-METHODOLOGY-DRC-PB" Name="top_sram_methodology_drc_routed.pb"/>
  <File Type="BG-BGN" Name="top_sram.bgn"/>
  <File Type="ROUTE-PWR" Name="top_sram_power_routed.rpt"/>
  <File Type="ROUTE-PWR-SUM" Name="top_sram_power_summary_routed.pb"/>
  <File Type="ROUTE-STATUS" Name="top_sram_route_status.rpt"/>
  <File Type="ROUTE-STATUS-PB" Name="top_sram_route_status.pb"/>
  <File Type="ROUTE-TIMINGSUMMARY" Name="top_sram_timing_summary_routed.rpt"/>
  <File Type="ROUTE-TIMING-PB" Name="top_sram_timing_summary_routed.pb"/>
  <File Type="ROUTE-TIMING-RPX" Name="top_sram_timing_summary_routed.rpx"/>
  <File Type="ROUTE-SIMILARITY" Name="top_sram_incremental_reuse_routed.rpt"/>
  <File Type="ROUTE-CLK" Name="top_sram_clock_utilization_routed.rpt"/>
  <File Type="POSTROUTE-PHYSOPT-DCP" Name="top_sram_postroute_physopt.dcp"/>
  <File Type="POSTROUTE-PHYSOPT-BLACKBOX-DCP" Name="top_sram_postroute_physopt_bb.dcp"/>
  <File Type="POSTROUTE-PHYSOPT-TIMING" Name="top_sram_timing_summary_postroute_physopted.rpt"/>
  <File Type="POSTROUTE-PHYSOPT-TIMING-PB" Name="top_sram_timing_summary_postroute_physopted.pb"/>
  <File Type="POSTROUTE-PHYSOPT-TIMING-RPX" Name="top_sram_timing_summary_postroute_physopted.rpx"/>
  <File Type="BG-BIT" Name="top_sram.bit"/>
  <File Type="BITSTR-RBT" Name="top_sram.rbt"/>
  <File Type="BITSTR-NKY" Name="top_sram.nky"/>
  <File Type="BITSTR-BMM" Name="top_sram_bd.bmm"/>
  <File Type="BITSTR-MMI" Name="top_sram.mmi"/>
  <File Type="BITSTR-SYSDEF" Name="top_sram.sysdef"/>
  <File Type="WBT-USG" Name="usage_statistics_webtalk.html"/>
  <FileSet Name="sources" Type="DesignSrcs" RelSrcDir="$PSRCDIR/sources_1">
    <Filter Type="Srcs"/>
    <File Path="$PSRCDIR/sources_1/imports/L3P542418/sram.vhd">
      <FileInfo>
        <Attr Name="ImportPath" Val="$PPRDIR/../../../../../../../Desktop/L3P542418/sram.vhd"/>
        <Attr Name="ImportTime" Val="1524622795"/>
        <Attr Name="UsedIn" Val="synthesis"/>
        <Attr Name="UsedIn" Val="simulation"/>
      </FileInfo>
    </File>
    <File Path="$PSRCDIR/sources_1/imports/L3P542418/sram_fsm.vhd">
      <FileInfo>
        <Attr Name="ImportPath" Val="$PPRDIR/../../../../../../../Desktop/L3P542418/sram_fsm.vhd"/>
        <Attr Name="ImportTime" Val="1524622796"/>
        <Attr Name="UsedIn" Val="synthesis"/>
        <Attr Name="UsedIn" Val="simulation"/>
      </FileInfo>
    </File>
    <File Path="$PSRCDIR/sources_1/imports/L3P542418/top_sram.vhd">
      <FileInfo>
        <Attr Name="ImportPath" Val="$PPRDIR/../../../../../../../Desktop/L3P542418/top_sram.vhd"/>
        <Attr Name="ImportTime" Val="1524622797"/>
        <Attr Name="UsedIn" Val="synthesis"/>
        <Attr Name="UsedIn" Val="simulation"/>
      </FileInfo>
    </File>
    <Config>
      <Option Name="DesignMode" Val="RTL"/>
      <Option Name="TopModule" Val="top_sram"/>
      <Option Name="TopAutoSet" Val="TRUE"/>
    </Config>
  </FileSet>
  <FileSet Name="constrs_in" Type="Constrs" RelSrcDir="$PSRCDIR/constrs_1">
    <Filter Type="Constrs"/>
    <File Path="$PSRCDIR/constrs_1/new/top_sram.xdc">
      <FileInfo>
        <Attr Name="ImportPath" Val="$PPRDIR/../../../../../../../Desktop/L3P542418/l3p542418/l3p542418.srcs/constrs_1/new/top_sram.xdc"/>
        <Attr Name="ImportTime" Val="1524623588"/>
        <Attr Name="UsedIn" Val="synthesis"/>
        <Attr Name="UsedIn" Val="implementation"/>
      </FileInfo>
    </File>
    <Config>
      <Option Name="TargetConstrsFile" Val="$PSRCDIR/constrs_1/new/top_sram.xdc"/>
      <Option Name="ConstrsType" Val="XDC"/>
    </Config>
  </FileSet>
  <Strategy Version="1" Minor="2">
    <StratHandle Name="Vivado Implementation Defaults" Flow="Vivado Implementation 2017"/>
    <Step Id="init_design"/>
    <Step Id="opt_design"/>
    <Step Id="power_opt_design"/>
    <Step Id="place_design"/>
    <Step Id="post_place_power_opt_design"/>
    <Step Id="phys_opt_design"/>
    <Step Id="route_design"/>
    <Step Id="post_route_phys_opt_design"/>
    <Step Id="write_bitstream"/>
  </Strategy>
</GenRun>
