<?xml version="1.0" encoding="UTF-8" ?>
<document>
<!--The data in this file is primarily intended for consumption by Xilinx tools.
The structure and the elements are likely to change over the next few releases.
This means code written to parse this file will need to be revisited each subsequent release.-->
<application name="pa" timeStamp="Tue Feb 05 07:57:51 2019">
<section name="Project Information" visible="false">
<property name="ProjectID" value="97cadc24fa54408eb2d33595f0fb8f7b" type="ProjectID"/>
<property name="ProjectIteration" value="1" type="ProjectIteration"/>
</section>
<section name="PlanAhead Usage" visible="true">
<item name="Project Data">
<property name="SrcSetCount" value="1" type="SrcSetCount"/>
<property name="ConstraintSetCount" value="1" type="ConstraintSetCount"/>
<property name="DesignMode" value="RTL" type="DesignMode"/>
<property name="SynthesisStrategy" value="Vivado Synthesis Defaults" type="SynthesisStrategy"/>
<property name="ImplStrategy" value="Vivado Implementation Defaults" type="ImplStrategy"/>
</item>
<item name="Java Command Handlers">
<property name="AddSources" value="14" type="JavaHandler"/>
<property name="EditDelete" value="3" type="JavaHandler"/>
<property name="NewProject" value="1" type="JavaHandler"/>
<property name="OpenProject" value="2" type="JavaHandler"/>
<property name="RunSynthesis" value="1" type="JavaHandler"/>
<property name="SaveProjectAs" value="1" type="JavaHandler"/>
<property name="SetTopNode" value="6" type="JavaHandler"/>
<property name="SimulationRun" value="14" type="JavaHandler"/>
<property name="ToolsSettings" value="1" type="JavaHandler"/>
</item>
<item name="Gui Resources Info">
<property name="PAResourceCommand.PACommandNames_AUTO_UPDATE_HIER, Hierarchy Update" value="2" type="GuiResourceData"/>
<property name="PAResourceCommand.PACommandNames_SET_AS_TOP, Set as Top" value="2" type="GuiResourceData"/>
<property name="PAResourceCommand.PACommandNames_SIMULATION_RUN, Run Simulation" value="2" type="GuiResourceData"/>
<property name="PAResourceCommand.PACommandNames_SIMULATION_RUN_BEHAVIORAL, Run Behavioral Simulation" value="1" type="GuiResourceData"/>
<property name="PAResourceEtoH.FileSetPanel_FILE_SET_PANEL_TREE, [root, Design Sources, muxb (muxb.v" value="2" type="GuiResourceData"/>
<property name="PAResourceEtoH.FileSetPanel_FILE_SET_PANEL_TREE, [root, Design Sources, rca (rca.v" value="6" type="GuiResourceData"/>
<property name="PAResourceEtoH.FileSetPanel_FILE_SET_PANEL_TREE, [root, Simulation Sources, sim_1, muxb_tb (muxb_tb.v" value="3" type="GuiResourceData"/>
<property name="PAResourceEtoH.FileSetPanel_FILE_SET_PANEL_TREE, [root, Simulation Sources, sim_1, rca_tb (rca_tb.v" value="5" type="GuiResourceData"/>
<property name="PAResourceEtoH.FileSetPanel_FILE_SET_PANEL_TREE, [root, Simulation Sources, sim_1], 10" value="1" type="GuiResourceData"/>
<property name="PAResourceEtoH.FileSetPanel_FILE_SET_PANEL_TREE, [root, Simulation Sources, sim_1], 10, true" value="1" type="GuiResourceData"/>
<property name="PAResourceEtoH.FileSetPanel_FILE_SET_PANEL_TREE, [root, Simulation Sources], 9" value="1" type="GuiResourceData"/>
<property name="PAResourceEtoH.GettingStartedView_OPEN_PROJECT, Open Project" value="1" type="GuiResourceData"/>
<property name="PAResourceItoN.MainMenuMgr_EDIT, Edit" value="6" type="GuiResourceData"/>
<property name="PAResourceItoN.MainMenuMgr_FILE, File" value="6" type="GuiResourceData"/>
<property name="PAResourceItoN.MainMenuMgr_FLOW, Flow" value="4" type="GuiResourceData"/>
<property name="PAResourceItoN.MainMenuMgr_OPEN_RECENT_PROJECT, Open Recent Project" value="2" type="GuiResourceData"/>
<property name="PAResourceItoN.MainMenuMgr_REPORT, Report" value="1" type="GuiResourceData"/>
<property name="PAResourceItoN.MainMenuMgr_TOOLS, Tools" value="2" type="GuiResourceData"/>
<property name="PAResourceOtoP.PAViews_CODE, Code" value="2" type="GuiResourceData"/>
<property name="PAResourceQtoS.SrcMenu_IP_HIERARCHY, IP Hierarchy" value="2" type="GuiResourceData"/>
<property name="RDIResource.RDIViews_WAVEFORM_VIEWER, 1133, 93" value="1" type="GuiResourceData"/>
<property name="RDIResource.RDIViews_WAVEFORM_VIEWER, 1336, 57" value="1" type="GuiResourceData"/>
<property name="RDIResource.RDIViews_WAVEFORM_VIEWER, 201, -29, false, false, false, true, false" value="1" type="GuiResourceData"/>
<property name="RDIResource.RDIViews_WAVEFORM_VIEWER, 325, 95" value="1" type="GuiResourceData"/>
<property name="RDIResource.RDIViews_WAVEFORM_VIEWER, 425, 95" value="1" type="GuiResourceData"/>
<property name="RDIResource.RDIViews_WAVEFORM_VIEWER, 438, 101" value="1" type="GuiResourceData"/>
<property name="RDIResource.RDIViews_WAVEFORM_VIEWER, 586, 109" value="1" type="GuiResourceData"/>
<property name="RDIResource.RDIViews_WAVEFORM_VIEWER, 631, 101" value="1" type="GuiResourceData"/>
<property name="RDIResource.RDIViews_WAVEFORM_VIEWER, 854, 111" value="1" type="GuiResourceData"/>
<property name="RDIResource.RDIViews_WAVEFORM_VIEWER, 862, 106" value="1" type="GuiResourceData"/>
<property name="RDIResource.RDIViews_WAVEFORM_VIEWER, 974, 105" value="1" type="GuiResourceData"/>
<property name="RDIResource.RDIViews_WAVEFORM_VIEWER, Untitled 1" value="1" type="GuiResourceData"/>
<property name="RDIResourceCommand.RDICommands_SAVE_FILE, (String" value="2" type="GuiResourceData"/>
<property name="rca.v, 140, 656" value="1" type="GuiResourceData"/>
<property name="rca.v, 17, 82" value="1" type="GuiResourceData"/>
<property name="rca.v, 224, 73" value="1" type="GuiResourceData"/>
<property name="rca.v, 29, 22, false, false, false, true, false" value="1" type="GuiResourceData"/>
<property name="rca.v, 70, 592" value="1" type="GuiResourceData"/>
<property name="rca.v, 73, 591" value="1" type="GuiResourceData"/>
<property name="rca_tb.v, 49, 487" value="1" type="GuiResourceData"/>
<property name="rca_tb.v, 74, 440" value="1" type="GuiResourceData"/>
</item>
<item name="Other">
<property name="GuiMode" value="2" type="GuiMode"/>
<property name="BatchMode" value="0" type="BatchMode"/>
<property name="TclMode" value="1" type="TclMode"/>
</item>
</section>
</application>
</document>
