<?xml version="1.0" encoding="UTF-8"?>
<GenRun Id="synth_1" LaunchPart="xc7a100tcsg324-1" LaunchTime="1522274194">
  <File Type="RDS-PROPCONSTRS" Name="new_cnt_drc_synth.rpt"/>
  <File Type="PA-TCL" Name="new_cnt.tcl"/>
  <File Type="RDS-RDS" Name="new_cnt.vds"/>
  <File Type="RDS-UTIL" Name="new_cnt_utilization_synth.rpt"/>
  <File Type="RDS-UTIL-PB" Name="new_cnt_utilization_synth.pb"/>
  <File Type="RDS-DCP" Name="new_cnt.dcp"/>
  <File Type="VDS-TIMINGSUMMARY" Name="new_cnt_timing_summary_synth.rpt"/>
  <File Type="VDS-TIMING-PB" Name="new_cnt_timing_summary_synth.pb"/>
  <FileSet Name="sources" Type="DesignSrcs" RelSrcDir="$PSRCDIR/sources_1">
    <Filter Type="Srcs"/>
    <File Path="$PSRCDIR/sources_1/new/l3p1.vhd">
      <FileInfo>
        <Attr Name="UsedIn" Val="synthesis"/>
        <Attr Name="UsedIn" Val="simulation"/>
      </FileInfo>
    </File>
    <Config>
      <Option Name="DesignMode" Val="RTL"/>
      <Option Name="TopModule" Val="new_cnt"/>
      <Option Name="TopAutoSet" Val="TRUE"/>
    </Config>
  </FileSet>
  <FileSet Name="constrs_in" Type="Constrs" RelSrcDir="$PSRCDIR/constrs_1">
    <Filter Type="Constrs"/>
    <File Path="$PPRDIR/constraints.xdc">
      <FileInfo>
        <Attr Name="UsedIn" Val="synthesis"/>
        <Attr Name="UsedIn" Val="implementation"/>
      </FileInfo>
    </File>
    <Config>
      <Option Name="ConstrsType" Val="XDC"/>
    </Config>
  </FileSet>
  <Strategy Version="1" Minor="2">
    <StratHandle Name="Vivado Synthesis Defaults" Flow="Vivado Synthesis 2017">
      <Desc>Vivado Synthesis Defaults</Desc>
    </StratHandle>
    <Step Id="synth_design"/>
  </Strategy>
</GenRun>
