<?xml version="1.0" encoding="UTF-8"?>
<GenRun Id="synth_1" LaunchPart="xc7a100tcsg324-1" LaunchTime="1555544917">
  <File Type="RDS-PROPCONSTRS" Name="top_sram_drc_synth.rpt"/>
  <File Type="PA-TCL" Name="top_sram.tcl"/>
  <File Type="RDS-RDS" Name="top_sram.vds"/>
  <File Type="RDS-UTIL" Name="top_sram_utilization_synth.rpt"/>
  <File Type="RDS-UTIL-PB" Name="top_sram_utilization_synth.pb"/>
  <File Type="RDS-DCP" Name="top_sram.dcp"/>
  <File Type="VDS-TIMINGSUMMARY" Name="top_sram_timing_summary_synth.rpt"/>
  <File Type="VDS-TIMING-PB" Name="top_sram_timing_summary_synth.pb"/>
  <FileSet Name="sources" Type="DesignSrcs" RelSrcDir="$PSRCDIR/sources_1">
    <Filter Type="Srcs"/>
    <File Path="$PSRCDIR/sources_1/new/sram.vhd">
      <FileInfo>
        <Attr Name="ImportPath" Val="$PPRDIR/../lab3p4/lab3p4.srcs/sources_1/new/sram.vhd"/>
        <Attr Name="ImportTime" Val="1555538133"/>
        <Attr Name="UsedIn" Val="synthesis"/>
        <Attr Name="UsedIn" Val="simulation"/>
      </FileInfo>
    </File>
    <File Path="$PSRCDIR/sources_1/new/sram_fsm.vhd">
      <FileInfo>
        <Attr Name="ImportPath" Val="$PPRDIR/../lab3p4/lab3p4.srcs/sources_1/new/sram_fsm.vhd"/>
        <Attr Name="ImportTime" Val="1555538126"/>
        <Attr Name="UsedIn" Val="synthesis"/>
        <Attr Name="UsedIn" Val="simulation"/>
      </FileInfo>
    </File>
    <File Path="$PSRCDIR/sources_1/new/top_sram.vhd">
      <FileInfo>
        <Attr Name="ImportPath" Val="$PPRDIR/../lab3p4/lab3p4.srcs/sources_1/new/top_sram.vhd"/>
        <Attr Name="ImportTime" Val="1555538190"/>
        <Attr Name="UsedIn" Val="synthesis"/>
        <Attr Name="UsedIn" Val="simulation"/>
      </FileInfo>
    </File>
    <Config>
      <Option Name="DesignMode" Val="RTL"/>
      <Option Name="TopModule" Val="top_sram"/>
      <Option Name="TopAutoSet" Val="TRUE"/>
    </Config>
  </FileSet>
  <FileSet Name="constrs_in" Type="Constrs" RelSrcDir="$PSRCDIR/constrs_1">
    <Filter Type="Constrs"/>
    <File Path="$PSRCDIR/constrs_1/new/led.xdc">
      <FileInfo>
        <Attr Name="ImportPath" Val="$PPRDIR/../lab3p4/lab3p4.srcs/constrs_1/new/led.xdc"/>
        <Attr Name="ImportTime" Val="1555539284"/>
        <Attr Name="UsedIn" Val="synthesis"/>
        <Attr Name="UsedIn" Val="implementation"/>
      </FileInfo>
    </File>
    <Config>
      <Option Name="TargetConstrsFile" Val="$PSRCDIR/constrs_1/new/led.xdc"/>
      <Option Name="ConstrsType" Val="XDC"/>
    </Config>
  </FileSet>
  <Strategy Version="1" Minor="2">
    <StratHandle Name="Vivado Synthesis Defaults" Flow="Vivado Synthesis 2017"/>
    <Step Id="synth_design"/>
  </Strategy>
</GenRun>
