<?xml version="1.0" encoding="UTF-8"?>
<GenRun Id="synth_1" LaunchPart="xc7a100tcsg324-1" LaunchTime="1522881898">
  <File Type="PA-TCL" Name="fsm.tcl"/>
  <File Type="RDS-PROPCONSTRS" Name="fsm_drc_synth.rpt"/>
  <File Type="RDS-RDS" Name="fsm.vds"/>
  <File Type="RDS-UTIL" Name="fsm_utilization_synth.rpt"/>
  <File Type="RDS-UTIL-PB" Name="fsm_utilization_synth.pb"/>
  <File Type="RDS-DCP" Name="fsm.dcp"/>
  <File Type="VDS-TIMINGSUMMARY" Name="fsm_timing_summary_synth.rpt"/>
  <File Type="VDS-TIMING-PB" Name="fsm_timing_summary_synth.pb"/>
  <FileSet Name="sources" Type="DesignSrcs" RelSrcDir="$PSRCDIR/sources_1">
    <Filter Type="Srcs"/>
    <File Path="$PSRCDIR/sources_1/imports/Desktop/fsm.vhd">
      <FileInfo>
        <Attr Name="ImportPath" Val="$PPRDIR/../../../../../../fsm.vhd"/>
        <Attr Name="ImportTime" Val="1522879997"/>
        <Attr Name="UsedIn" Val="synthesis"/>
        <Attr Name="UsedIn" Val="simulation"/>
      </FileInfo>
    </File>
    <Config>
      <Option Name="DesignMode" Val="RTL"/>
      <Option Name="TopModule" Val="fsm"/>
      <Option Name="TopAutoSet" Val="TRUE"/>
    </Config>
  </FileSet>
  <FileSet Name="constrs_in" Type="Constrs" RelSrcDir="$PSRCDIR/constrs_1">
    <Filter Type="Constrs"/>
    <Config>
      <Option Name="ConstrsType" Val="XDC"/>
    </Config>
  </FileSet>
  <Strategy Version="1" Minor="2">
    <StratHandle Name="Vivado Synthesis Defaults" Flow="Vivado Synthesis 2017"/>
    <Step Id="synth_design"/>
  </Strategy>
</GenRun>
