<?xml version="1.0" encoding="UTF-8"?>
<GenRun Id="synth_1" LaunchPart="xc7a100tcsg324-1" LaunchTime="1525226614">
  <File Type="PA-TCL" Name="top.tcl"/>
  <File Type="RDS-PROPCONSTRS" Name="top_drc_synth.rpt"/>
  <File Type="RDS-RDS" Name="top.vds"/>
  <File Type="RDS-UTIL" Name="top_utilization_synth.rpt"/>
  <File Type="RDS-UTIL-PB" Name="top_utilization_synth.pb"/>
  <File Type="RDS-DCP" Name="top.dcp"/>
  <File Type="VDS-TIMINGSUMMARY" Name="top_timing_summary_synth.rpt"/>
  <File Type="VDS-TIMING-PB" Name="top_timing_summary_synth.pb"/>
  <FileSet Name="sources" Type="DesignSrcs" RelSrcDir="$PSRCDIR/sources_1">
    <Filter Type="Srcs"/>
    <File Path="$PSRCDIR/sources_1/imports/P3/clockDivision.vhdl">
      <FileInfo>
        <Attr Name="ImportPath" Val="$PPRDIR/../../../../../lawrencelab3/CPE 166 Lab 3/Final Lab3-20180424T232734Z-001/Final Lab3/Lab 3/P3/clockDivision.vhdl"/>
        <Attr Name="ImportTime" Val="1525225721"/>
        <Attr Name="UsedIn" Val="synthesis"/>
        <Attr Name="UsedIn" Val="simulation"/>
      </FileInfo>
    </File>
    <File Path="$PSRCDIR/sources_1/imports/P3/lfsr.vhdl">
      <FileInfo>
        <Attr Name="ImportPath" Val="$PPRDIR/../../../../../lawrencelab3/CPE 166 Lab 3/Final Lab3-20180424T232734Z-001/Final Lab3/Lab 3/P3/lfsr.vhdl"/>
        <Attr Name="ImportTime" Val="1525225721"/>
        <Attr Name="UsedIn" Val="synthesis"/>
        <Attr Name="UsedIn" Val="simulation"/>
      </FileInfo>
    </File>
    <File Path="$PSRCDIR/sources_1/imports/P3/myssd.vhdl">
      <FileInfo>
        <Attr Name="ImportPath" Val="$PPRDIR/../../../../../lawrencelab3/CPE 166 Lab 3/Final Lab3-20180424T232734Z-001/Final Lab3/Lab 3/P3/myssd.vhdl"/>
        <Attr Name="ImportTime" Val="1525225721"/>
        <Attr Name="UsedIn" Val="synthesis"/>
        <Attr Name="UsedIn" Val="simulation"/>
      </FileInfo>
    </File>
    <File Path="$PSRCDIR/sources_1/imports/P3/top.vhdl">
      <FileInfo>
        <Attr Name="ImportPath" Val="$PPRDIR/../../../../../lawrencelab3/CPE 166 Lab 3/Final Lab3-20180424T232734Z-001/Final Lab3/Lab 3/P3/top.vhdl"/>
        <Attr Name="ImportTime" Val="1525225721"/>
        <Attr Name="UsedIn" Val="synthesis"/>
        <Attr Name="UsedIn" Val="simulation"/>
      </FileInfo>
    </File>
    <Config>
      <Option Name="DesignMode" Val="RTL"/>
      <Option Name="TopModule" Val="top"/>
      <Option Name="TopAutoSet" Val="TRUE"/>
    </Config>
  </FileSet>
  <FileSet Name="constrs_in" Type="Constrs" RelSrcDir="$PSRCDIR/constrs_1">
    <Filter Type="Constrs"/>
    <File Path="$PSRCDIR/constrs_1/imports/P3/Nexys4DDR_L3P3.xdc">
      <FileInfo>
        <Attr Name="ImportPath" Val="$PPRDIR/../../../../../lawrencelab3/CPE 166 Lab 3/Final Lab3-20180424T232734Z-001/Final Lab3/Lab 3/P3/Nexys4DDR_L3P3.xdc"/>
        <Attr Name="ImportTime" Val="1525225721"/>
        <Attr Name="UsedIn" Val="synthesis"/>
        <Attr Name="UsedIn" Val="implementation"/>
      </FileInfo>
    </File>
    <Config>
      <Option Name="ConstrsType" Val="XDC"/>
    </Config>
  </FileSet>
  <Strategy Version="1" Minor="2">
    <StratHandle Name="Vivado Synthesis Defaults" Flow="Vivado Synthesis 2017"/>
    <Step Id="synth_design"/>
  </Strategy>
</GenRun>
