<?xml version="1.0" encoding="UTF-8"?>
<GenRun Id="synth_1" LaunchPart="xc7a100tcsg324-1" LaunchTime="1550718190">
  <File Type="PA-TCL" Name="fpga_fun.tcl"/>
  <File Type="RDS-PROPCONSTRS" Name="fpga_fun_drc_synth.rpt"/>
  <File Type="RDS-RDS" Name="fpga_fun.vds"/>
  <File Type="RDS-UTIL" Name="fpga_fun_utilization_synth.rpt"/>
  <File Type="RDS-UTIL-PB" Name="fpga_fun_utilization_synth.pb"/>
  <File Type="RDS-DCP" Name="fpga_fun.dcp"/>
  <File Type="VDS-TIMINGSUMMARY" Name="fpga_fun_timing_summary_synth.rpt"/>
  <File Type="VDS-TIMING-PB" Name="fpga_fun_timing_summary_synth.pb"/>
  <FileSet Name="sources" Type="DesignSrcs" RelSrcDir="$PSRCDIR/sources_1">
    <Filter Type="Srcs"/>
    <File Path="$PSRCDIR/sources_1/new/CPESL.v">
      <FileInfo>
        <Attr Name="UsedIn" Val="synthesis"/>
        <Attr Name="UsedIn" Val="implementation"/>
        <Attr Name="UsedIn" Val="simulation"/>
      </FileInfo>
    </File>
    <Config>
      <Option Name="DesignMode" Val="RTL"/>
      <Option Name="TopModule" Val="fpga_fun"/>
      <Option Name="TopAutoSet" Val="TRUE"/>
    </Config>
  </FileSet>
  <FileSet Name="constrs_in" Type="Constrs" RelSrcDir="$PSRCDIR/constrs_1">
    <Filter Type="Constrs"/>
    <File Path="$PSRCDIR/constrs_1/new/CPESL_Constraint.xdc">
      <FileInfo>
        <Attr Name="UsedIn" Val="synthesis"/>
        <Attr Name="UsedIn" Val="implementation"/>
      </FileInfo>
    </File>
    <Config>
      <Option Name="ConstrsType" Val="XDC"/>
    </Config>
  </FileSet>
  <Strategy Version="1" Minor="2">
    <StratHandle Name="Vivado Synthesis Defaults" Flow="Vivado Synthesis 2017"/>
    <Step Id="synth_design"/>
  </Strategy>
</GenRun>
