<?xml version="1.0" encoding="UTF-8"?>
<GenRun Id="synth_1" LaunchPart="xc7a100tcsg324-1" LaunchTime="1524019398">
  <File Type="PA-TCL" Name="display_counter_vhd.tcl"/>
  <File Type="RDS-PROPCONSTRS" Name="display_counter_vhd_drc_synth.rpt"/>
  <File Type="RDS-RDS" Name="display_counter_vhd.vds"/>
  <File Type="RDS-UTIL" Name="display_counter_vhd_utilization_synth.rpt"/>
  <File Type="RDS-UTIL-PB" Name="display_counter_vhd_utilization_synth.pb"/>
  <File Type="RDS-DCP" Name="display_counter_vhd.dcp"/>
  <File Type="VDS-TIMINGSUMMARY" Name="display_counter_vhd_timing_summary_synth.rpt"/>
  <File Type="VDS-TIMING-PB" Name="display_counter_vhd_timing_summary_synth.pb"/>
  <FileSet Name="sources" Type="DesignSrcs" RelSrcDir="$PSRCDIR/sources_1">
    <Filter Type="Srcs"/>
    <File Path="$PSRCDIR/sources_1/new/l3p14172018.vhd">
      <FileInfo>
        <Attr Name="ImportPath" Val="$PPRDIR/../../../../../../../Desktop/L3P14172018/L3P1/L3P1.srcs/sources_1/new/l3p14172018.vhd"/>
        <Attr Name="ImportTime" Val="1524019382"/>
        <Attr Name="UsedIn" Val="synthesis"/>
        <Attr Name="UsedIn" Val="simulation"/>
      </FileInfo>
    </File>
    <Config>
      <Option Name="DesignMode" Val="RTL"/>
      <Option Name="TopModule" Val="display_counter_vhd"/>
      <Option Name="TopAutoSet" Val="TRUE"/>
    </Config>
  </FileSet>
  <FileSet Name="constrs_in" Type="Constrs" RelSrcDir="$PSRCDIR/constrs_1">
    <Filter Type="Constrs"/>
    <File Path="$PSRCDIR/constrs_1/imports/L3P14172018/Nexys4DDR_Master.xdc">
      <FileInfo>
        <Attr Name="ImportPath" Val="$PPRDIR/../../../../../../../Desktop/L3P14172018/Nexys4DDR_Master.xdc"/>
        <Attr Name="ImportTime" Val="1524018580"/>
        <Attr Name="UsedIn" Val="synthesis"/>
        <Attr Name="UsedIn" Val="implementation"/>
      </FileInfo>
    </File>
    <Config>
      <Option Name="ConstrsType" Val="XDC"/>
    </Config>
  </FileSet>
  <Strategy Version="1" Minor="2">
    <StratHandle Name="Vivado Synthesis Defaults" Flow="Vivado Synthesis 2017"/>
    <Step Id="synth_design"/>
  </Strategy>
</GenRun>
