<?xml version="1.0" encoding="UTF-8"?>
<GenRun Id="impl_1" LaunchPart="xc7a100tcsg324-1" LaunchTime="1524019398">
  <File Type="ROUTE-PWR-RPX" Name="display_counter_vhd_power_routed.rpx"/>
  <File Type="PA-TCL" Name="display_counter_vhd.tcl"/>
  <File Type="INIT-TIMING" Name="display_counter_vhd_timing_summary_init.rpt"/>
  <File Type="OPT-METHODOLOGY-DRC" Name="display_counter_vhd_methodology_drc_opted.rpt"/>
  <File Type="PWROPT-DRC" Name="display_counter_vhd_drc_pwropted.rpt"/>
  <File Type="RDI-RDI" Name="display_counter_vhd.vdi"/>
  <File Type="OPT-DCP" Name="display_counter_vhd_opt.dcp"/>
  <File Type="OPT-HWDEF" Name="display_counter_vhd.hwdef"/>
  <File Type="OPT-DRC" Name="display_counter_vhd_drc_opted.rpt"/>
  <File Type="OPT-TIMING" Name="display_counter_vhd_timing_summary_opted.rpt"/>
  <File Type="PWROPT-DCP" Name="display_counter_vhd_pwropt.dcp"/>
  <File Type="PWROPT-TIMING" Name="display_counter_vhd_timing_summary_pwropted.rpt"/>
  <File Type="PLACE-DCP" Name="display_counter_vhd_placed.dcp"/>
  <File Type="PLACE-IO" Name="display_counter_vhd_io_placed.rpt"/>
  <File Type="PLACE-CLK" Name="display_counter_vhd_clock_utilization_placed.rpt"/>
  <File Type="PLACE-UTIL" Name="display_counter_vhd_utilization_placed.rpt"/>
  <File Type="PLACE-UTIL-PB" Name="display_counter_vhd_utilization_placed.pb"/>
  <File Type="PLACE-CTRL" Name="display_counter_vhd_control_sets_placed.rpt"/>
  <File Type="PLACE-SIMILARITY" Name="display_counter_vhd_incremental_reuse_placed.rpt"/>
  <File Type="PLACE-PRE-SIMILARITY" Name="display_counter_vhd_incremental_reuse_pre_placed.rpt"/>
  <File Type="PLACE-TIMING" Name="display_counter_vhd_timing_summary_placed.rpt"/>
  <File Type="POSTPLACE-PWROPT-DCP" Name="display_counter_vhd_postplace_pwropt.dcp"/>
  <File Type="POSTPLACE-PWROPT-TIMING" Name="display_counter_vhd_timing_summary_postplace_pwropted.rpt"/>
  <File Type="PHYSOPT-DCP" Name="display_counter_vhd_physopt.dcp"/>
  <File Type="PHYSOPT-DRC" Name="display_counter_vhd_drc_physopted.rpt"/>
  <File Type="PHYSOPT-TIMING" Name="display_counter_vhd_timing_summary_physopted.rpt"/>
  <File Type="ROUTE-ERROR-DCP" Name="display_counter_vhd_routed_error.dcp"/>
  <File Type="ROUTE-DCP" Name="display_counter_vhd_routed.dcp"/>
  <File Type="ROUTE-BLACKBOX-DCP" Name="display_counter_vhd_routed_bb.dcp"/>
  <File Type="ROUTE-DRC" Name="display_counter_vhd_drc_routed.rpt"/>
  <File Type="ROUTE-DRC-PB" Name="display_counter_vhd_drc_routed.pb"/>
  <File Type="ROUTE-DRC-RPX" Name="display_counter_vhd_drc_routed.rpx"/>
  <File Type="BG-BIN" Name="display_counter_vhd.bin"/>
  <File Type="ROUTE-METHODOLOGY-DRC" Name="display_counter_vhd_methodology_drc_routed.rpt"/>
  <File Type="BG-DRC" Name="display_counter_vhd.drc"/>
  <File Type="ROUTE-METHODOLOGY-DRC-RPX" Name="display_counter_vhd_methodology_drc_routed.rpx"/>
  <File Type="BITSTR-MSK" Name="display_counter_vhd.msk"/>
  <File Type="ROUTE-METHODOLOGY-DRC-PB" Name="display_counter_vhd_methodology_drc_routed.pb"/>
  <File Type="BG-BGN" Name="display_counter_vhd.bgn"/>
  <File Type="ROUTE-PWR" Name="display_counter_vhd_power_routed.rpt"/>
  <File Type="ROUTE-PWR-SUM" Name="display_counter_vhd_power_summary_routed.pb"/>
  <File Type="ROUTE-STATUS" Name="display_counter_vhd_route_status.rpt"/>
  <File Type="ROUTE-STATUS-PB" Name="display_counter_vhd_route_status.pb"/>
  <File Type="ROUTE-TIMINGSUMMARY" Name="display_counter_vhd_timing_summary_routed.rpt"/>
  <File Type="ROUTE-TIMING-PB" Name="display_counter_vhd_timing_summary_routed.pb"/>
  <File Type="ROUTE-TIMING-RPX" Name="display_counter_vhd_timing_summary_routed.rpx"/>
  <File Type="ROUTE-SIMILARITY" Name="display_counter_vhd_incremental_reuse_routed.rpt"/>
  <File Type="ROUTE-CLK" Name="display_counter_vhd_clock_utilization_routed.rpt"/>
  <File Type="POSTROUTE-PHYSOPT-DCP" Name="display_counter_vhd_postroute_physopt.dcp"/>
  <File Type="POSTROUTE-PHYSOPT-BLACKBOX-DCP" Name="display_counter_vhd_postroute_physopt_bb.dcp"/>
  <File Type="POSTROUTE-PHYSOPT-TIMING" Name="display_counter_vhd_timing_summary_postroute_physopted.rpt"/>
  <File Type="POSTROUTE-PHYSOPT-TIMING-PB" Name="display_counter_vhd_timing_summary_postroute_physopted.pb"/>
  <File Type="POSTROUTE-PHYSOPT-TIMING-RPX" Name="display_counter_vhd_timing_summary_postroute_physopted.rpx"/>
  <File Type="BG-BIT" Name="display_counter_vhd.bit"/>
  <File Type="BITSTR-RBT" Name="display_counter_vhd.rbt"/>
  <File Type="BITSTR-NKY" Name="display_counter_vhd.nky"/>
  <File Type="BITSTR-BMM" Name="display_counter_vhd_bd.bmm"/>
  <File Type="BITSTR-MMI" Name="display_counter_vhd.mmi"/>
  <File Type="BITSTR-SYSDEF" Name="display_counter_vhd.sysdef"/>
  <File Type="WBT-USG" Name="usage_statistics_webtalk.html"/>
  <FileSet Name="sources" Type="DesignSrcs" RelSrcDir="$PSRCDIR/sources_1">
    <Filter Type="Srcs"/>
    <File Path="$PSRCDIR/sources_1/new/l3p14172018.vhd">
      <FileInfo>
        <Attr Name="ImportPath" Val="$PPRDIR/../../../../../../../Desktop/L3P14172018/L3P1/L3P1.srcs/sources_1/new/l3p14172018.vhd"/>
        <Attr Name="ImportTime" Val="1524019382"/>
        <Attr Name="UsedIn" Val="synthesis"/>
        <Attr Name="UsedIn" Val="simulation"/>
      </FileInfo>
    </File>
    <Config>
      <Option Name="DesignMode" Val="RTL"/>
      <Option Name="TopModule" Val="display_counter_vhd"/>
      <Option Name="TopAutoSet" Val="TRUE"/>
    </Config>
  </FileSet>
  <FileSet Name="constrs_in" Type="Constrs" RelSrcDir="$PSRCDIR/constrs_1">
    <Filter Type="Constrs"/>
    <File Path="$PSRCDIR/constrs_1/imports/L3P14172018/Nexys4DDR_Master.xdc">
      <FileInfo>
        <Attr Name="ImportPath" Val="$PPRDIR/../../../../../../../Desktop/L3P14172018/Nexys4DDR_Master.xdc"/>
        <Attr Name="ImportTime" Val="1524018580"/>
        <Attr Name="UsedIn" Val="synthesis"/>
        <Attr Name="UsedIn" Val="implementation"/>
      </FileInfo>
    </File>
    <Config>
      <Option Name="ConstrsType" Val="XDC"/>
    </Config>
  </FileSet>
  <Strategy Version="1" Minor="2">
    <StratHandle Name="Vivado Implementation Defaults" Flow="Vivado Implementation 2017"/>
    <Step Id="init_design"/>
    <Step Id="opt_design"/>
    <Step Id="power_opt_design"/>
    <Step Id="place_design"/>
    <Step Id="post_place_power_opt_design"/>
    <Step Id="phys_opt_design"/>
    <Step Id="route_design"/>
    <Step Id="post_route_phys_opt_design"/>
    <Step Id="write_bitstream"/>
  </Strategy>
</GenRun>
